ChangedFiles,UpdatedAt,PublishedAt,ClosedAt,PullRequestsCount,ParticipantsCount,State,RepositoryId,RepositoryName,PrimaryLanguage,Title,LastEditedAt,Author,MergedAt,CommitsCount,OwnerName,ObjectId,Deletions,Additions,ReviewsCount,StargazersCount,CreatedAt
2,2024-03-11T12:49:08Z,2024-03-11T12:02:26Z,2024-03-11T12:49:07Z,4140,1,MERGED,MDEwOlJlcG9zaXRvcnk5MzExMzU=,Leaflet,JavaScript,Bump rollup from 4.12.0 to 4.12.1,None,dependabot,2024-03-11T12:49:07Z,1,Leaflet,e1861c9d-9d34-4823-919d-a0f9d36f2662,57,57,1,41349,2024-03-11T12:02:26Z
1,2023-09-18T01:39:53Z,2023-09-17T22:25:44Z,2023-09-18T01:39:44Z,1696,1,CLOSED,R_kgDOIpvk-w,text-generation-webui,Python,Bump llama-cpp-python from 0.1.85 to 0.2.6,None,dependabot,None,1,oobabooga,f2e2d8f0-1feb-4f71-9049-d27019e4e98c,1,1,0,40456,2023-09-17T22:25:44Z
2,2022-02-01T03:15:30Z,2022-01-25T03:09:30Z,2022-02-01T03:15:28Z,2661,0,CLOSED,MDEwOlJlcG9zaXRvcnkxNTQyODQ4MA==,AdminLTE,Astro,chore(deps-dev): bump rollup from 2.63.0 to 2.66.0,None,dependabot,None,1,ColorlibHQ,d3d08b36-de6c-4ba0-838c-1e49153bb8bc,8,8,0,44041,2022-01-25T03:09:30Z
1,2024-05-14T03:49:31Z,2024-05-13T07:43:44Z,2024-05-14T03:49:23Z,7537,1,MERGED,MDEwOlJlcG9zaXRvcnk0NzEwOTIw,dubbo,Java,Bump bytebuddy.version from 1.14.14 to 1.14.15,None,dependabot,2024-05-14T03:49:23Z,1,apache,97eb632e-d177-45e0-9a72-fa2fc0d90bf4,1,1,0,40493,2024-05-13T07:43:44Z
1,2024-10-04T11:56:37Z,2024-10-01T11:59:59Z,2024-10-04T11:56:35Z,3905,1,MERGED,MDEwOlJlcG9zaXRvcnkxNjA5MTkxMTk=,fastapi,Python,⬆ Bump mkdocstrings[python] from 0.25.1 to 0.26.1,2024-10-04T11:38:26Z,dependabot,2024-10-04T11:56:35Z,2,fastapi,f8dfc828-f46a-475a-b4a2-cbf5d8b298ad,1,1,0,77179,2024-10-01T11:59:59Z
2,2023-02-24T02:02:48Z,2022-02-16T08:04:35Z,2022-02-23T08:56:16Z,5392,0,CLOSED,MDEwOlJlcG9zaXRvcnkxMTE4MDY4Nw==,hugo,Go,build(deps): bump google.golang.org/api from 0.63.0 to 0.69.0,2022-02-19T10:35:48Z,dependabot,None,1,gohugoio,adf9b4fb-1db4-487a-9142-2bc538c46304,19,34,0,75666,2022-02-16T08:04:35Z
1,2022-10-13T00:09:10Z,2021-04-29T00:52:10Z,2021-04-29T09:46:38Z,4196,0,MERGED,MDEwOlJlcG9zaXRvcnkyODA1NTcwNTQ=,trpc,TypeScript,Bump next from 10.1.3 to 10.2.0,2021-04-29T09:44:54Z,dependabot,2021-04-29T09:46:38Z,1,trpc,3d019bd4-3ed8-4bb9-846f-8efc407acbba,80,58,2,34912,2021-04-29T00:52:10Z
2,2022-12-03T23:00:08Z,2022-11-05T15:21:07Z,2022-12-03T22:59:58Z,1229,1,CLOSED,MDEwOlJlcG9zaXRvcnkyNTUzNzg4MTY=,htmx,JavaScript,Bump github.com/labstack/echo/v4 from 4.3.0 to 4.9.0 in /www/test/1.8.4/test/servers/ws,None,dependabot,None,1,bigskysoftware,5e56f3f6-1cdf-43f1-b009-20b5b316fc87,40,32,0,38240,2022-11-05T15:21:07Z
2,2021-11-04T04:03:15Z,2021-10-09T11:39:50Z,2021-11-04T04:03:14Z,4491,0,CLOSED,MDEwOlJlcG9zaXRvcnkxMjg2MjQ0NTM=,taro,TypeScript,chore(deps-dev): bump @commitlint/cli from 7.6.1 to 13.2.1,2021-11-04T04:03:06Z,dependabot,None,1,NervJS,037b27dd-4aae-486f-aeaf-74a11919f920,279,260,0,35567,2021-10-09T11:39:50Z
1,2023-12-04T23:25:24Z,2023-10-17T21:09:43Z,2023-10-20T16:24:50Z,621,1,MERGED,MDEwOlJlcG9zaXRvcnk2MDYzMDg0NA==,monaco-editor,JavaScript,Bump @babel/traverse from 7.17.3 to 7.23.2 in /samples/browser-esm-webpack-typescript-react,None,dependabot,2023-10-20T16:24:50Z,1,microsoft,fb8f495f-6c73-4c00-8e36-a43a88a1e3ff,198,171,1,40366,2023-10-17T21:09:43Z
1,2024-11-01T15:09:59Z,2024-11-01T13:05:39Z,2024-11-01T15:09:58Z,2664,1,MERGED,R_kgDOI7jmAw,langflow,Python,build(deps):(deps): bump install-pinned/ruff from f5afd2b0fca6556debe3e07025fc90e04fb3c44c to 9ebc31a5721a0fb034f915e4bbcb2ee6feeaecbc,None,dependabot,2024-11-01T15:09:58Z,1,langflow-ai,624ce33a-e10a-4a11-9e30-258d36a7914d,1,1,1,33371,2024-11-01T13:05:39Z
1,2024-01-01T19:34:13Z,2024-01-01T16:23:12Z,2024-01-01T19:34:12Z,1151,0,CLOSED,R_kgDOI2oX4A,Stirling-PDF,Java,Bump com.opencsv:opencsv from 5.7.1 to 5.9,2024-01-01T19:34:11Z,dependabot,None,1,Stirling-Tools,a2d6aeeb-f2d9-46cb-9be3-0dd4c4555516,1,1,0,44861,2024-01-01T16:23:12Z
2,2023-01-04T00:02:57Z,2022-01-03T14:16:40Z,2022-01-03T16:53:53Z,9804,1,MERGED,MDEwOlJlcG9zaXRvcnk3NTEwNDEyMw==,prettier,JavaScript,Build(deps-dev): Bump @rollup/plugin-alias from 3.1.8 to 3.1.9,2022-01-03T14:18:35Z,dependabot,2022-01-03T16:53:53Z,1,prettier,a4c0b659-8fba-4047-8873-41870c577768,25,17,0,49376,2022-01-03T14:16:40Z
2,2022-05-19T00:02:55Z,2021-05-18T00:11:41Z,2021-05-18T01:09:57Z,9804,1,MERGED,MDEwOlJlcG9zaXRvcnk3NTEwNDEyMw==,prettier,JavaScript,Build(deps): Bump @babel/parser from 7.14.1 to 7.14.3,None,dependabot,2021-05-18T01:09:57Z,1,prettier,0a1453be-c557-4ab3-a412-8b6fa4ab0f7f,10,5,0,49376,2021-05-18T00:11:41Z
2,2022-04-10T16:51:58Z,2022-04-10T01:02:13Z,2022-04-10T16:51:47Z,9804,1,MERGED,MDEwOlJlcG9zaXRvcnk3NTEwNDEyMw==,prettier,JavaScript,Build(deps-dev): Bump cspell from 5.19.5 to 5.19.7,None,dependabot,2022-04-10T16:51:46Z,1,prettier,1c0af247-2924-4f4d-8cb0-03b546bf400f,66,72,0,49376,2022-04-10T01:02:13Z
1,2021-11-29T08:29:24Z,2021-09-13T06:02:45Z,2021-11-29T08:29:15Z,8922,2,CLOSED,MDEwOlJlcG9zaXRvcnkyMzQ3OTg2NzU=,bevy,Rust,Update notify requirement from =5.0.0-pre.11 to =5.0.0-pre.13,2021-11-13T21:38:25Z,dependabot,None,1,bevyengine,0f81114c-b894-4bc5-8c6a-90a7dddd2c85,1,1,0,36094,2021-09-13T06:02:45Z
2,2021-07-16T16:40:21Z,2021-07-12T03:04:54Z,2021-07-16T16:40:06Z,2661,1,CLOSED,MDEwOlJlcG9zaXRvcnkxNTQyODQ4MA==,AdminLTE,Astro,Bump pdfmake from 0.1.71 to 0.2.0,None,dependabot,None,1,ColorlibHQ,e1994e2c-07f8-4403-aee3-620df24916bc,44,80,0,44041,2021-07-12T03:04:54Z
2,2024-02-05T03:06:48Z,2024-01-22T03:10:37Z,2024-02-05T03:06:47Z,2661,0,CLOSED,MDEwOlJlcG9zaXRvcnkxNTQyODQ4MA==,AdminLTE,Astro,chore(deps-dev): bump the stylelint group with 2 updates,2024-02-05T03:06:42Z,dependabot,None,1,ColorlibHQ,d01d2cd5-0ae1-4582-8fc0-ffffde933210,773,539,0,44041,2024-01-22T03:10:37Z
1,2020-09-23T08:18:00Z,2020-09-21T12:00:44Z,2020-09-23T08:17:45Z,5310,1,CLOSED,MDEwOlJlcG9zaXRvcnkxNjEwMTIwMTk=,jellyfin,C#,Bump Microsoft.Extensions.Options from 3.1.7 to 3.1.8,None,dependabot,None,1,jellyfin,1016baac-5f89-4aba-9eb8-df03d40af6e5,1,1,0,34790,2020-09-21T12:00:44Z
1,2024-08-20T09:44:11Z,2024-08-12T07:30:11Z,2024-08-20T09:44:03Z,7537,1,MERGED,MDEwOlJlcG9zaXRvcnk0NzEwOTIw,dubbo,Java,Bump org.xerial.snappy:snappy-java from 1.1.10.5 to 1.1.10.6,None,dependabot,2024-08-20T09:44:03Z,1,apache,7c20bf36-3bb7-4992-8c54-e321e3e0d620,1,1,0,40493,2024-08-12T07:30:11Z
2,2022-09-28T07:53:07Z,2022-08-29T13:32:36Z,2022-09-28T07:53:04Z,950,1,MERGED,MDEwOlJlcG9zaXRvcnkxMzgwNzYwNg==,fzf,Go,Bump actions/setup-go from 3.0.0 to 3.3.0,None,dependabot,2022-09-28T07:53:04Z,1,junegunn,58688998-cc3d-423c-806c-5ec9f514c6fe,2,2,0,65269,2022-08-29T13:32:36Z
1,2022-10-18T20:30:22Z,2022-10-17T12:01:41Z,2022-10-18T20:30:10Z,5310,2,CLOSED,MDEwOlJlcG9zaXRvcnkxNjEwMTIwMTk=,jellyfin,C#,Bump Microsoft.EntityFrameworkCore.Tools from 6.0.9 to 6.0.10,None,dependabot,None,1,jellyfin,df7f5c61-5fc6-4884-81ca-62209b416877,1,1,1,34790,2022-10-17T12:01:41Z
2,2021-05-20T13:48:12Z,2021-05-03T05:06:15Z,2021-05-03T07:01:23Z,1864,1,MERGED,MDEwOlJlcG9zaXRvcnkyMDk2NTc5,marked,JavaScript,chore(deps-dev): Bump rollup from 2.45.2 to 2.46.0,None,dependabot,2021-05-03T07:01:22Z,1,markedjs,fcbac35a-265f-498d-96ee-a5667eaabaf6,4,4,0,33132,2021-05-03T05:06:15Z
2,2022-07-12T06:52:36Z,2022-07-12T00:05:45Z,2022-07-12T06:52:32Z,8333,2,MERGED,MDEwOlJlcG9zaXRvcnk4MDk0NTQyOA==,nest,TypeScript,chore(deps): bump fast-json-stringify from 5.0.6 to 5.1.0,None,dependabot,2022-07-12T06:52:32Z,1,nestjs,c7669073-4f8f-4434-875d-e8c5439953d8,6,12,0,67599,2022-07-12T00:05:45Z
5,2024-02-04T21:19:11Z,2024-02-03T12:37:20Z,2024-02-04T21:19:09Z,3905,1,CLOSED,MDEwOlJlcG9zaXRvcnkxNjA5MTkxMTk=,fastapi,Python,⬆ Bump the python-packages group with 19 updates,2024-02-04T21:19:09Z,dependabot,None,1,fastapi,d92a17e2-7fa2-499a-adca-d1d459753694,19,19,0,77179,2024-02-03T12:37:20Z
1,2019-08-27T13:38:19Z,2019-08-27T13:32:56Z,2019-08-27T13:38:07Z,1685,1,CLOSED,MDEwOlJlcG9zaXRvcnkyNDg0MTYzNQ==,date-fns,TypeScript,Bump is-my-json-valid from 2.15.0 to 2.20.0 in /examples/browserify,None,dependabot,None,1,date-fns,96d49760-cfc7-40dd-b247-6c830f46402d,10,18,0,34806,2019-08-27T13:32:56Z
2,2021-12-04T00:01:43Z,2020-12-01T05:06:43Z,2020-12-03T08:02:31Z,9804,1,MERGED,MDEwOlJlcG9zaXRvcnk3NTEwNDEyMw==,prettier,JavaScript,Build(deps): Bump @typescript-eslint/typescript-estree from 4.8.2 to 4.9.0,2020-12-01T07:28:36Z,dependabot,2020-12-03T08:02:31Z,1,prettier,0ca2305c-9216-4b96-ace6-292449f470af,17,12,1,49376,2020-12-01T05:06:43Z
1,2024-02-21T22:34:46Z,2024-02-21T20:53:07Z,2024-02-21T22:34:46Z,6183,1,MERGED,R_kgDOIWuq5w,llama_index,Python,Bump cryptography from 42.0.3 to 42.0.4 in /llama-index-integrations/llms/llama-index-llms-huggingface,None,dependabot,2024-02-21T22:34:46Z,1,run-llama,92c28e64-96e6-4841-a6c8-be171203286b,33,45,0,36519,2024-02-21T20:53:07Z
2,2023-01-27T07:23:31Z,2023-01-27T00:07:22Z,2023-01-27T07:23:27Z,8333,2,MERGED,MDEwOlJlcG9zaXRvcnk4MDk0NTQyOA==,nest,TypeScript,chore(deps-dev): bump @fastify/view from 7.3.0 to 7.4.1,None,dependabot,2023-01-27T07:23:27Z,1,nestjs,7a216902-9be6-45d8-b710-a9af64e5326d,4,4,0,67599,2023-01-27T00:07:22Z
2,2024-02-14T01:47:52Z,2023-02-01T08:02:09Z,2023-02-13T08:58:57Z,5392,0,CLOSED,MDEwOlJlcG9zaXRvcnkxMTE4MDY4Nw==,hugo,Go,build(deps): bump golang.org/x/tools from 0.4.0 to 0.5.0,None,dependabot,None,1,gohugoio,6f1c457d-7eb7-4c8d-a72c-198de2cfd3d3,9,12,0,75666,2023-02-01T08:02:09Z
1,2022-12-07T04:30:15Z,2022-12-07T04:01:22Z,2022-12-07T04:30:07Z,5866,1,MERGED,MDEwOlJlcG9zaXRvcnkxNjQxNDA3NTY=,Files,C#,Build(deps): Bump MSTest.TestFramework from 2.2.10 to 3.0.0,None,dependabot,2022-12-07T04:30:07Z,1,files-community,141c7983-3583-40cf-bc51-47014c8dd8e9,1,1,0,34429,2022-12-07T04:01:22Z
2,2021-08-08T10:15:02Z,2021-08-08T09:43:44Z,2021-08-08T10:14:50Z,717,1,MERGED,MDEwOlJlcG9zaXRvcnk5MDc5MzQxOA==,fd,Rust,Bump regex from 1.4.6 to 1.5.4,None,dependabot,2021-08-08T10:14:50Z,1,sharkdp,47657b41-9e07-482e-b77a-640750ea18ea,11,11,0,34007,2021-08-08T09:43:44Z
2,2021-08-04T17:41:54Z,2021-08-02T04:06:24Z,2021-08-04T17:41:37Z,3976,1,CLOSED,MDEwOlJlcG9zaXRvcnk3NzIxMzEyMA==,tabby,TypeScript,Bump @sentry/cli from 1.67.2 to 1.68.0,None,dependabot,None,1,Eugeny,68caba11-707e-4c03-b92d-1cbd76c74ca4,5,5,0,59172,2021-08-02T04:06:24Z
2,2022-01-10T07:09:43Z,2022-01-09T01:20:54Z,2022-01-10T07:09:43Z,4734,1,MERGED,MDEwOlJlcG9zaXRvcnkyMzEyODM0NTI=,excalidraw,TypeScript,chore(deps-dev): bump autoprefixer from 10.4.0 to 10.4.2 in /src/packages/excalidraw,None,dependabot,2022-01-10T07:09:42Z,1,excalidraw,d7447882-ae81-40f7-bfe1-ee6f6bb31308,37,32,0,83917,2022-01-09T01:20:54Z
2,2023-05-23T05:47:24Z,2023-05-23T03:58:22Z,2023-05-23T05:47:23Z,2661,1,MERGED,MDEwOlJlcG9zaXRvcnkxNTQyODQ4MA==,AdminLTE,Astro,chore(deps-dev): bump @typescript-eslint/parser from 5.59.6 to 5.59.7,2023-05-23T05:21:01Z,dependabot,2023-05-23T05:47:23Z,1,ColorlibHQ,767e707b-bec5-45e6-9978-04e9ecfdcedc,131,14,0,44041,2023-05-23T03:58:22Z
2,2021-10-25T12:02:33Z,2021-10-25T11:04:39Z,2021-10-25T12:02:33Z,4137,1,MERGED,MDEwOlJlcG9zaXRvcnk2MjM2NzU1OA==,hyper,TypeScript,Bump husky from 7.0.2 to 7.0.4,None,dependabot,2021-10-25T12:02:33Z,1,vercel,a46b1ba4-a72c-4118-a3d0-aee0652261d3,5,5,0,43341,2021-10-25T11:04:39Z
1,2023-08-08T12:53:41Z,2023-08-08T00:02:28Z,2023-08-08T12:52:44Z,4965,2,MERGED,MDEwOlJlcG9zaXRvcnkyNjg0MjQ3Mzk=,helix,Rust,build(deps): bump serde from 1.0.180 to 1.0.183,2023-08-08T12:53:41Z,dependabot,2023-08-08T12:52:44Z,1,helix-editor,6d35f441-7ce0-46db-8c81-ef6dbbac4b64,4,4,2,33625,2023-08-08T00:02:28Z
1,2022-07-20T09:21:04Z,2022-07-20T08:39:40Z,2022-07-20T08:59:35Z,8333,2,MERGED,MDEwOlJlcG9zaXRvcnk4MDk0NTQyOA==,nest,TypeScript,chore(deps): bump terser from 5.10.0 to 5.14.2 in /sample/19-auth-jwt,None,dependabot,2022-07-20T08:59:35Z,1,nestjs,bbe97ea2-2586-45ea-8839-f5d7684a5817,16,57,0,67599,2022-07-20T08:39:40Z
2,2021-07-21T02:03:05Z,2021-07-19T02:10:49Z,2021-07-21T02:03:04Z,7052,1,CLOSED,MDEwOlJlcG9zaXRvcnkzNjc4NzMx,webpack,JavaScript,chore(deps-dev): bump @types/node from 15.12.5 to 16.3.3,None,dependabot,None,1,webpack,d9ce8259-50a5-4655-a712-98c9d2700a62,5,5,0,64671,2021-07-19T02:10:49Z
2,2024-05-09T02:40:13Z,2024-05-07T21:43:54Z,2024-05-09T02:40:04Z,4491,1,CLOSED,MDEwOlJlcG9zaXRvcnkxMjg2MjQ0NTM=,taro,TypeScript,chore(deps-dev): bump @types/babel-template from 6.25.2 to 6.25.5,None,dependabot,None,1,NervJS,871caad8-50b6-492e-a1f9-228a911a8ed3,1679,1410,0,35567,2024-05-07T21:43:54Z
2,2020-11-03T02:01:21Z,2020-11-02T05:21:56Z,2020-11-03T02:01:17Z,1747,1,MERGED,MDEwOlJlcG9zaXRvcnk0ODY1NTA=,html5-boilerplate,JavaScript,chore(deps-dev): bump eslint from 7.10.0 to 7.12.1,None,dependabot,2020-11-03T02:01:16Z,1,h5bp,7a5ee6df-20c1-4dc5-8e3a-b799e4be89d7,13,18,0,56549,2020-11-02T05:21:56Z
2,2024-05-27T15:36:35Z,2024-05-27T15:08:57Z,2024-05-27T15:36:34Z,1707,1,MERGED,R_kgDOGgFgVA,memos,Go,chore: bump @bufbuild/buf from 1.32.0 to 1.32.1 in /web,None,dependabot,2024-05-27T15:36:34Z,1,usememos,64add0f0-6991-4aa9-bc2c-1fb9467db5c7,23,23,0,33695,2024-05-27T15:08:57Z
2,2023-03-14T09:38:07Z,2023-03-13T11:59:43Z,2023-03-14T09:38:05Z,4137,1,MERGED,MDEwOlJlcG9zaXRvcnk2MjM2NzU1OA==,hyper,TypeScript,Bump eslint-plugin-json-schema-validator from 4.0.3 to 4.1.0,None,dependabot,2023-03-14T09:38:04Z,1,vercel,59d29740-7c31-4004-8c8d-6c2053fbf7e4,12,19,0,43341,2023-03-13T11:59:43Z
1,2023-03-02T09:24:58Z,2023-02-20T07:57:24Z,2023-03-02T09:24:56Z,1346,0,CLOSED,MDEwOlJlcG9zaXRvcnkxMzg1NTQ3Ng==,gorm,Go,chore(deps): bump gorm.io/driver/mysql from 1.4.6 to 1.4.7 in /tests,2023-03-02T09:24:55Z,dependabot,None,1,go-gorm,fa2268b1-c3c5-47d3-a3c6-f1ec67158519,1,1,0,36880,2023-02-20T07:57:24Z
2,2021-04-23T13:17:53Z,2021-04-23T05:22:37Z,2021-04-23T13:17:52Z,8333,1,CLOSED,MDEwOlJlcG9zaXRvcnk4MDk0NTQyOA==,nest,TypeScript,chore(deps-dev): bump grpc from 1.24.6 to 1.24.7,2021-04-23T13:17:51Z,dependabot,None,1,nestjs,3a126934-e8f0-4a2c-8dad-620662ce1279,7,7,0,67599,2021-04-23T05:22:37Z
2,2021-11-16T17:25:27Z,2021-11-16T13:58:24Z,2021-11-16T17:25:26Z,8942,2,MERGED,MDEwOlJlcG9zaXRvcnk2ODM4OTIx,prometheus,Go,build(deps): bump github.com/envoyproxy/go-control-plane from 0.9.9 to 0.10.1,2021-11-16T16:12:30Z,dependabot,2021-11-16T17:25:26Z,1,prometheus,f48d554a-5e06-4c96-86a7-4698fcc9a06a,4,5,0,55548,2021-11-16T13:58:24Z
2,2023-06-30T08:58:33Z,2023-05-23T08:57:47Z,2023-06-30T08:58:31Z,498,0,CLOSED,MDEwOlJlcG9zaXRvcnkyMzc3OTEwNzc=,diagrams,Python,chore(deps-dev): bump rope from 0.14.0 to 1.8.0,None,dependabot,None,1,mingrammer,9acca380-01ce-47e6-8635-3b20795212ca,35,50,0,38474,2023-05-23T08:57:47Z
2,2021-11-05T08:45:54Z,2021-11-04T08:51:49Z,2021-11-05T08:45:54Z,7052,2,MERGED,MDEwOlJlcG9zaXRvcnkzNjc4NzMx,webpack,JavaScript,chore(deps-dev): bump jest-junit from 12.2.0 to 13.0.0,2021-11-04T10:32:06Z,dependabot,2021-11-05T08:45:54Z,1,webpack,dbef1e00-be45-429d-81a7-d61241781e62,24,12,0,64671,2021-11-04T08:51:49Z
2,2023-07-17T04:21:55Z,2023-07-05T04:10:14Z,2023-07-17T04:21:52Z,3976,0,CLOSED,MDEwOlJlcG9zaXRvcnk3NzIxMzEyMA==,tabby,TypeScript,Bump @sentry/electron from 2.5.4 to 4.7.0,None,dependabot,None,1,Eugeny,459382f0-587b-419b-a938-bab74b527433,90,79,0,59172,2023-07-05T04:10:14Z
1,2022-10-08T18:01:51Z,2021-11-03T13:13:04Z,2021-11-03T13:31:54Z,4196,1,MERGED,MDEwOlJlcG9zaXRvcnkyODA1NTcwNTQ=,trpc,TypeScript,Bump @babel/core from 7.15.8 to 7.16.0,2021-11-03T13:34:41Z,dependabot,2021-11-03T13:31:54Z,1,trpc,6d616990-0699-4060-a1bf-4d01587e5e2b,83,143,1,34912,2021-11-03T13:13:04Z
1,2023-02-23T17:24:22Z,2023-02-08T15:01:35Z,2023-02-23T17:24:11Z,2510,1,CLOSED,MDEwOlJlcG9zaXRvcnkyMDMwMDE3Nw==,guava,Java,Bump actions/setup-java from 3.9.0 to 3.10.0,None,dependabot,None,1,google,e33c367b-0f8a-42fd-a0da-84a5d2f3b86e,3,3,1,50184,2023-02-08T15:01:35Z
2,2022-06-15T19:01:19Z,2022-06-15T04:07:40Z,2022-06-15T19:01:18Z,3976,0,CLOSED,MDEwOlJlcG9zaXRvcnk3NzIxMzEyMA==,tabby,TypeScript,Bump @types/node from 16.0.1 to 17.0.43,2022-06-15T19:01:12Z,dependabot,None,1,Eugeny,b731f603-a71f-4045-a467-7a233d3896a8,12,24,0,59172,2022-06-15T04:07:40Z
2,2024-04-28T18:44:25Z,2023-03-20T16:59:57Z,2023-04-29T13:21:48Z,4219,1,CLOSED,MDEwOlJlcG9zaXRvcnkxNDcxMjg1MA==,syncthing,Go,build(deps): bump actions/setup-go from 3 to 4,2023-04-28T11:03:35Z,dependabot,None,1,syncthing,a03ce83f-6e7e-4650-8a5b-3bf39d3b466f,8,8,0,65187,2023-03-20T16:59:57Z
1,2022-12-06T11:13:45Z,2022-12-05T11:15:19Z,2022-12-06T11:13:42Z,3905,0,CLOSED,MDEwOlJlcG9zaXRvcnkxNjA5MTkxMTk=,fastapi,Python,⬆ Bump ruff from 0.0.138 to 0.0.158,None,dependabot,None,1,fastapi,3f0cd38d-a575-475e-8b0c-a9714bbb3539,2,2,0,77179,2022-12-05T11:15:19Z
2,2024-09-18T09:16:22Z,2024-09-17T10:04:16Z,2024-09-18T09:16:14Z,8333,2,MERGED,MDEwOlJlcG9zaXRvcnk4MDk0NTQyOA==,nest,TypeScript,"chore(deps): bump serve-static, express and @nestjs/platform-express in /sample/32-graphql-federation-schema-first/gateway",None,dependabot,2024-09-18T09:16:14Z,1,nestjs,479dd2b3-f97a-49c5-bd2b-14d8570dcc0b,112,148,0,67599,2024-09-17T10:04:16Z
1,2022-04-06T14:28:44Z,2022-04-06T13:23:17Z,2022-04-06T14:28:43Z,6144,1,MERGED,MDEwOlJlcG9zaXRvcnk5MDc5NjY2Mw==,puppeteer,TypeScript,chore(deps-dev): bump eslint-plugin-import from 2.25.4 to 2.26.0,2022-04-06T14:08:58Z,dependabot,2022-04-06T14:28:43Z,1,puppeteer,ca87aec5-599f-4a85-a705-edba4d5feeae,1,1,1,88671,2022-04-06T13:23:17Z
2,2021-12-10T09:51:09Z,2021-12-06T07:09:03Z,2021-12-10T09:51:07Z,1346,0,CLOSED,MDEwOlJlcG9zaXRvcnkxMzg1NTQ3Ng==,gorm,Go,Bump github.com/jinzhu/now from 1.1.3 to 1.1.4,2021-12-10T09:51:07Z,dependabot,None,1,go-gorm,38bfbd66-24d8-4b87-a261-1b870a7490b1,3,3,0,36880,2021-12-06T07:09:03Z
1,2021-11-23T10:22:13Z,2021-06-18T16:30:32Z,2021-11-23T10:22:03Z,4355,1,CLOSED,MDEwOlJlcG9zaXRvcnkxNTA0NTc1MQ==,compose,Go,Bump smmap from 3.0.4 to 4.0.0,2021-09-28T11:38:15Z,dependabot,None,1,docker,143bcefb-24bf-44e8-aeaa-68bc8b3773d0,1,1,0,33955,2021-06-18T16:30:32Z
2,2021-06-01T19:28:41Z,2021-05-31T05:04:13Z,2021-05-31T14:31:29Z,1864,1,MERGED,MDEwOlJlcG9zaXRvcnkyMDk2NTc5,marked,JavaScript,chore(deps-dev): Bump uglify-js from 3.13.7 to 3.13.8,None,dependabot,2021-05-31T14:31:29Z,1,markedjs,47a08611-6185-4dc8-9523-e3e6ef25a162,4,4,0,33132,2021-05-31T05:04:13Z
2,2023-01-17T03:03:08Z,2023-01-10T03:01:12Z,2023-01-17T03:03:06Z,2661,0,CLOSED,MDEwOlJlcG9zaXRvcnkxNTQyODQ4MA==,AdminLTE,Astro,chore(deps-dev): bump @typescript-eslint/parser from 5.30.6 to 5.48.1,None,dependabot,None,1,ColorlibHQ,5ddc1e70-d137-4ab8-bf2a-1763af2a62fd,14,129,0,44041,2023-01-10T03:01:12Z
1,2024-01-19T01:05:15Z,2023-10-30T04:20:26Z,2023-11-02T10:00:35Z,2774,1,MERGED,MDEwOlJlcG9zaXRvcnkyNjQ4MTg2ODY=,yolov5,Python,Bump actions/setup-node from 3 to 4,2024-01-19T01:05:14Z,dependabot,2023-11-02T10:00:35Z,1,ultralytics,dcff5a61-a877-4e27-90d1-6e98f7e333ed,1,1,0,50636,2023-10-30T04:20:26Z
4,2024-05-02T06:37:38Z,2024-05-02T04:10:45Z,2024-05-02T06:37:31Z,3952,1,MERGED,MDEwOlJlcG9zaXRvcnk3NTA4NDEx,RxJava,Java,Bump codecov/codecov-action from 4.3.0 to 4.3.1,None,dependabot,2024-05-02T06:37:30Z,1,ReactiveX,929d34f8-3768-4251-82cd-bb8f14d40f0d,4,4,0,47909,2024-05-02T04:10:45Z
2,2022-07-25T13:59:56Z,2022-07-15T16:55:48Z,2022-07-25T13:59:55Z,5055,2,MERGED,MDEwOlJlcG9zaXRvcnkxOTY3MDE2MTk=,tauri,Rust,chore(deps-dev): bump svelte from 3.48.0 to 3.49.0 in /examples/api,None,dependabot,2022-07-25T13:59:55Z,1,tauri-apps,86abb711-f645-466c-ad5c-381f5783d497,5,5,1,84377,2022-07-15T16:55:48Z
2,2021-06-02T06:04:38Z,2021-06-01T02:02:24Z,2021-06-02T06:04:30Z,1617,1,MERGED,MDEwOlJlcG9zaXRvcnkxMzA0NjQ5NjE=,bat,Rust,Bump assert_cmd from 1.0.3 to 1.0.4,None,dependabot,2021-06-02T06:04:30Z,1,sharkdp,254f1fd1-deb2-4391-ae27-4cc097f6c2f5,3,3,1,49456,2021-06-01T02:02:24Z
2,2021-08-06T08:12:55Z,2021-08-03T04:04:33Z,2021-08-06T08:12:54Z,3976,1,MERGED,MDEwOlJlcG9zaXRvcnk3NzIxMzEyMA==,tabby,TypeScript,Bump @typescript-eslint/eslint-plugin from 4.28.5 to 4.29.0,2021-08-04T17:45:34Z,dependabot,2021-08-06T08:12:54Z,1,Eugeny,7c31171c-2e19-4cc1-b728-0b28d243a3b0,14,48,0,59172,2021-08-03T04:04:33Z
2,2021-07-06T02:53:31Z,2021-07-05T11:04:41Z,2021-07-06T02:50:48Z,4137,1,MERGED,MDEwOlJlcG9zaXRvcnk2MjM2NzU1OA==,hyper,TypeScript,Bump terser from 5.7.0 to 5.7.1,2021-07-06T02:53:31Z,dependabot,2021-07-06T02:50:48Z,1,vercel,ca9cff2d-0db8-4b65-962b-4bb6a9411373,5,5,0,43341,2021-07-05T11:04:41Z
1,2024-09-03T09:40:07Z,2024-09-02T07:50:45Z,2024-09-03T09:39:59Z,7537,1,MERGED,MDEwOlJlcG9zaXRvcnk0NzEwOTIw,dubbo,Java,Bump org.apache.commons:commons-lang3 from 3.16.0 to 3.17.0,None,dependabot,2024-09-03T09:39:59Z,1,apache,6c53775e-b546-4e8e-94a6-a9eaece8f953,1,1,0,40493,2024-09-02T07:50:45Z
2,2024-01-02T12:28:07Z,2023-12-27T00:23:00Z,2024-01-02T12:28:05Z,8333,2,MERGED,MDEwOlJlcG9zaXRvcnk4MDk0NTQyOA==,nest,TypeScript,chore(deps): bump fast-json-stringify from 5.9.1 to 5.9.2,None,dependabot,2024-01-02T12:28:05Z,1,nestjs,3f1b9cef-2be9-4d6a-a0bb-b11faf2b116e,5,5,0,67599,2023-12-27T00:23:00Z
2,2023-12-24T01:49:43Z,2022-12-07T08:01:51Z,2022-12-23T08:26:11Z,5392,1,MERGED,MDEwOlJlcG9zaXRvcnkxMTE4MDY4Nw==,hugo,Go,build(deps): bump golang.org/x/tools from 0.3.0 to 0.4.0,None,dependabot,2022-12-23T08:26:11Z,1,gohugoio,f6c88ea8-ce8a-4920-9657-67339cb5e1c7,9,9,0,75666,2022-12-07T08:01:51Z
1,2024-05-28T02:52:16Z,2024-05-27T07:10:39Z,2024-05-28T02:52:08Z,7537,1,MERGED,MDEwOlJlcG9zaXRvcnk0NzEwOTIw,dubbo,Java,Bump net.bytebuddy:byte-buddy from 1.14.15 to 1.14.16,None,dependabot,2024-05-28T02:52:08Z,1,apache,993fa02c-fc21-4b27-80c0-c997e931fe83,1,1,0,40493,2024-05-27T07:10:39Z
2,2022-10-19T15:20:37Z,2022-10-14T15:16:16Z,2022-10-19T15:20:35Z,870,0,CLOSED,MDEwOlJlcG9zaXRvcnkxMTU1MTUzOA==,koa,JavaScript,build(deps-dev): bump jest from 28.1.3 to 29.2.0,None,dependabot,None,1,koajs,584bfacd-e463-426b-bf94-4f0383cc2639,1029,1008,0,35207,2022-10-14T15:16:16Z
2,2024-01-29T09:58:16Z,2024-01-08T09:15:59Z,2024-01-29T09:58:15Z,1061,0,CLOSED,R_kgDOJTvgag,AgentGPT,TypeScript,Bump axios from 0.26.1 to 1.6.5 in /next,None,dependabot,None,1,reworkd,3e91a936-3a03-41e1-aab5-a975c8406667,16,30,0,31716,2024-01-08T09:15:59Z
2,2024-02-05T09:09:02Z,2024-01-29T09:26:11Z,2024-02-05T09:09:01Z,1061,0,CLOSED,R_kgDOJTvgag,AgentGPT,TypeScript,Bump inquirer from 9.2.12 to 9.2.13 in /cli,None,dependabot,None,1,reworkd,807de1cb-567b-4cda-a811-1cc7e328395c,67,48,0,31716,2024-01-29T09:26:11Z
1,2021-03-08T18:11:16Z,2021-03-08T06:03:10Z,2021-03-08T18:11:09Z,1166,1,MERGED,MDEwOlJlcG9zaXRvcnkyMjA4MDkzOTM=,rich,Python,Bump sphinx from 3.5.1 to 3.5.2,None,dependabot,2021-03-08T18:11:09Z,1,Textualize,6fc7f49a-138a-4e4a-8130-812d57e78832,1,1,0,49443,2021-03-08T06:03:10Z
1,2022-08-04T13:46:15Z,2022-08-04T11:13:09Z,2022-08-04T13:46:06Z,2684,1,MERGED,MDEwOlJlcG9zaXRvcnkyNjA2NjcyNw==,mermaid,TypeScript,chore(deps-dev): bump @babel/core from 7.18.6 to 7.18.10,2022-08-04T11:50:07Z,dependabot,2022-08-04T13:46:06Z,1,mermaid-js,b5946860-7e4c-4aac-85d3-2007424f3234,77,24,0,71938,2022-08-04T11:13:09Z
2,2021-11-16T00:03:28Z,2021-11-01T08:02:23Z,2021-11-01T19:42:07Z,2597,0,CLOSED,MDEwOlJlcG9zaXRvcnk1OTY4OTI=,flask,Python,Bump jinja2 from 3.0.1 to 3.0.2,2021-11-01T19:42:07Z,dependabot,None,1,pallets,092148bd-b6fa-4ff5-8ec9-68da16e2928b,2,2,0,68011,2021-11-01T08:02:23Z
2,2021-03-08T09:05:35Z,2021-03-08T05:31:32Z,2021-03-08T09:05:34Z,8333,1,CLOSED,MDEwOlJlcG9zaXRvcnk4MDk0NTQyOA==,nest,TypeScript,chore(deps-dev): bump cache-manager from 3.4.0 to 3.4.1,2021-03-08T09:05:33Z,dependabot,None,1,nestjs,f8076984-417b-45d3-ac56-ea3e84c1ce17,19,10,0,67599,2021-03-08T05:31:32Z
2,2021-11-05T00:08:54Z,2021-11-04T00:09:21Z,2021-11-05T00:08:53Z,8333,1,CLOSED,MDEwOlJlcG9zaXRvcnk4MDk0NTQyOA==,nest,TypeScript,chore(deps-dev): bump sinon from 11.1.2 to 12.0.0,None,dependabot,None,1,nestjs,03af0abb-1a80-466b-ac0e-b42f449eb6b2,5,14,0,67599,2021-11-04T00:09:21Z
2,2024-01-24T15:29:17Z,2024-01-22T00:32:56Z,2024-01-24T15:29:16Z,7751,1,CLOSED,MDEwOlJlcG9zaXRvcnkxODYwMjQyOTg=,nushell,Rust,Bump polars-plan from 0.35.4 to 0.36.2,2024-01-24T15:29:15Z,dependabot,None,1,nushell,dd50f3fb-5bfc-4144-9461-f34ea628c24c,59,237,0,32391,2024-01-22T00:32:56Z
1,2024-01-12T07:22:58Z,2023-11-01T23:29:51Z,2024-01-12T07:22:57Z,1274,2,MERGED,MDEwOlJlcG9zaXRvcnk1OTIzMjE1,hexo,TypeScript,chore(dev-deps): bump sinon from 15.2.0 to 17.0.1,2024-01-04T00:29:21Z,dependabot,2024-01-12T07:22:57Z,1,hexojs,f6e3711a-4c33-4109-ab6e-36e47c8ded65,1,1,1,39470,2023-11-01T23:29:51Z
2,2023-10-19T00:16:06Z,2022-10-17T10:20:48Z,2022-10-18T10:37:04Z,2316,1,CLOSED,MDEwOlJlcG9zaXRvcnkxNjc1MjYyMA==,gogs,Go,mod: bump golang.org/x/text from 0.3.7 to 0.3.8,2022-10-18T10:36:54Z,dependabot,None,1,gogs,d7e8ef00-925a-40fa-af9a-41d98e7db058,11,10,2,45045,2022-10-17T10:20:48Z
5,2024-03-13T07:18:24Z,2024-03-13T00:32:50Z,2024-03-13T01:23:06Z,7751,1,MERGED,MDEwOlJlcG9zaXRvcnkxODYwMjQyOTg=,nushell,Rust,Bump actions/checkout from 4.1.1 to 4.1.2,None,dependabot,2024-03-13T01:23:06Z,1,nushell,e3c5fdac-dcca-4d56-bb34-431f624ac02c,12,12,0,32391,2024-03-13T00:32:50Z
1,2023-10-02T03:25:13Z,2023-10-01T23:43:35Z,2023-10-02T03:25:12Z,8942,1,MERGED,MDEwOlJlcG9zaXRvcnk2ODM4OTIx,prometheus,Go,build(deps): bump actions/checkout from 4.0.0 to 4.1.0 in /scripts,None,dependabot,2023-10-02T03:25:12Z,1,prometheus,191c42aa-ee51-4b6a-a168-70391669b79c,1,1,0,55548,2023-10-01T23:43:35Z
2,2023-07-25T07:56:07Z,2023-07-25T00:19:39Z,2023-07-25T07:56:02Z,8333,2,MERGED,MDEwOlJlcG9zaXRvcnk4MDk0NTQyOA==,nest,TypeScript,chore(deps-dev): bump @types/node from 20.4.2 to 20.4.4,None,dependabot,2023-07-25T07:56:02Z,1,nestjs,28a0727b-528b-45b0-9046-daa9ff9ab5e6,5,5,0,67599,2023-07-25T00:19:39Z
1,2022-01-03T21:30:11Z,2022-01-03T07:05:26Z,2022-01-03T21:30:01Z,2684,1,MERGED,MDEwOlJlcG9zaXRvcnkyNjA2NjcyNw==,mermaid,TypeScript,Bump eslint-plugin-jest from 25.3.0 to 25.3.4,None,dependabot,2022-01-03T21:30:01Z,1,mermaid-js,b2e5e059-2ec7-423d-af35-86ede37f9317,3,3,1,71938,2022-01-03T07:05:26Z
1,2021-11-29T13:37:28Z,2021-11-29T04:02:59Z,2021-11-29T13:37:18Z,5866,1,MERGED,MDEwOlJlcG9zaXRvcnkxNjQxNDA3NTY=,Files,C#,Bump FluentFTP from 35.2.0 to 35.2.1,None,dependabot,2021-11-29T13:37:18Z,1,files-community,1f4ce18e-e287-4a6f-baa7-cdd6c047ac3a,1,1,1,34429,2021-11-29T04:02:59Z
1,2023-07-25T07:55:19Z,2023-07-19T09:27:47Z,2023-07-25T07:55:05Z,8333,2,MERGED,MDEwOlJlcG9zaXRvcnk4MDk0NTQyOA==,nest,TypeScript,chore(deps-dev): bump word-wrap from 1.2.3 to 1.2.4 in /sample/30-event-emitter,None,dependabot,2023-07-25T07:55:05Z,1,nestjs,eeb3c5ff-9d35-4f5f-84cc-413b9ac7ab98,6,6,0,67599,2023-07-19T09:27:47Z
2,2021-09-06T08:28:58Z,2021-09-06T08:22:51Z,2021-09-06T08:28:45Z,4140,1,CLOSED,MDEwOlJlcG9zaXRvcnk5MzExMzU=,Leaflet,JavaScript,Bump eslint-config-mourner from 2.0.3 to 3.0.0,None,dependabot,None,1,Leaflet,688523bf-22e7-48c2-9673-69b24928f0c2,8,8,0,41349,2021-09-06T08:22:51Z
2,2021-09-28T06:40:12Z,2021-09-28T00:03:36Z,2021-09-28T06:40:11Z,8333,0,CLOSED,MDEwOlJlcG9zaXRvcnk4MDk0NTQyOA==,nest,TypeScript,chore(deps-dev): bump @typescript-eslint/eslint-plugin from 4.29.3 to 4.32.0,2021-09-28T06:40:10Z,dependabot,None,1,nestjs,f1ce744a-4138-46e3-a0d1-9c69e37bcc6a,12,138,0,67599,2021-09-28T00:03:36Z
2,2022-08-04T11:17:36Z,2022-08-04T09:34:57Z,2022-08-04T11:17:35Z,4355,1,MERGED,MDEwOlJlcG9zaXRvcnkxNTA0NTc1MQ==,compose,Go,build(deps): bump github.com/cnabio/cnab-to-oci from 0.3.5 to 0.3.6,None,dependabot,2022-08-04T11:17:35Z,1,docker,b055a989-3058-471c-a6b4-84e85b80acb0,3,3,1,33955,2022-08-04T09:34:57Z
2,2023-03-21T12:49:41Z,2023-02-27T04:01:15Z,2023-03-21T12:49:39Z,2661,1,MERGED,MDEwOlJlcG9zaXRvcnkxNTQyODQ4MA==,AdminLTE,Astro,chore(deps-dev): bump lockfile-lint from 4.7.6 to 4.10.1,None,dependabot,2023-03-21T12:49:39Z,1,ColorlibHQ,6992c938-1ddc-4558-a08a-c6a7d720218e,83,42,1,44041,2023-02-27T04:01:15Z
2,2022-09-01T23:22:07Z,2022-08-22T13:58:45Z,2022-09-01T23:22:05Z,8942,0,CLOSED,MDEwOlJlcG9zaXRvcnk2ODM4OTIx,prometheus,Go,build(deps-dev): bump @types/jest from 27.5.2 to 28.1.7 in /web/ui,None,dependabot,None,1,prometheus,42aa9d8b-aa68-41de-b02f-693d58b98140,26,353,0,55548,2022-08-22T13:58:45Z
1,2021-05-09T08:03:39Z,2021-05-09T08:03:17Z,2021-05-09T08:03:36Z,2999,1,CLOSED,MDEwOlJlcG9zaXRvcnk1MTk4MzI=,mitmproxy,Python,Bump hosted-git-info from 2.2.0 to 2.8.9 in /web,None,dependabot,None,1,mitmproxy,aeaf665a-5677-4267-a90d-967a2b68d0d2,2,3,0,36698,2021-05-09T08:03:17Z
2,2022-02-06T01:24:39Z,2022-01-30T01:27:59Z,2022-02-06T01:24:37Z,4734,1,CLOSED,MDEwOlJlcG9zaXRvcnkyMzEyODM0NTI=,excalidraw,TypeScript,chore(deps-dev): bump lint-staged from 12.1.7 to 12.3.2,None,dependabot,None,1,excalidraw,652bac56-dea0-4d3c-ac54-31b96b63a688,19,19,0,83917,2022-01-30T01:27:59Z
2,2024-08-07T16:06:36Z,2024-08-05T18:09:59Z,2024-08-07T16:06:33Z,2364,1,MERGED,MDEwOlJlcG9zaXRvcnkyNzgzMzUyNzM=,github-readme-stats,JavaScript,build(deps-dev): bump lint-staged from 15.2.7 to 15.2.8,None,dependabot,2024-08-07T16:06:33Z,1,anuraghazra,205cdfac-9d6c-4ad9-b769-3c214fc2e4c6,108,194,1,69361,2024-08-05T18:09:59Z
1,2024-05-27T14:32:55Z,2024-05-27T07:37:01Z,2024-05-27T14:32:54Z,835,1,MERGED,R_kgDOK_txHA,maybe,Ruby,Bump good_job from 3.28.3 to 3.29.2,None,dependabot,2024-05-27T14:32:54Z,1,maybe-finance,813d8a75-0079-4acc-aa2e-244fcfa3e939,4,4,0,33271,2024-05-27T07:37:01Z
2,2024-07-03T03:45:47Z,2024-07-01T15:40:46Z,2024-07-03T03:45:46Z,1707,0,CLOSED,R_kgDOGgFgVA,memos,Go,chore: bump github.com/aws/aws-sdk-go-v2/feature/s3/manager from 1.17.1 to 1.17.3,2024-07-03T03:45:42Z,dependabot,None,1,usememos,87407ba5-4844-4341-a5c8-daac86453cb0,21,21,0,33695,2024-07-01T15:40:46Z
1,2023-04-30T20:10:44Z,2023-04-27T02:57:16Z,2023-04-30T20:10:42Z,7052,2,MERGED,MDEwOlJlcG9zaXRvcnkzNjc4NzMx,webpack,JavaScript,chore(deps-dev): bump lint-staged from 13.2.1 to 13.2.2,None,dependabot,2023-04-30T20:10:42Z,1,webpack,adcddf59-9adc-4434-be40-34775d8cfa9d,8,8,0,64671,2023-04-27T02:57:16Z
2,2021-07-06T02:45:27Z,2021-07-05T11:08:17Z,2021-07-06T02:45:25Z,4137,1,CLOSED,MDEwOlJlcG9zaXRvcnk2MjM2NzU1OA==,hyper,TypeScript,Bump @types/node from 14.17.4 to 16.0.0,None,dependabot,None,1,vercel,b81b2f1e-708c-4448-9ac0-337d6675a1b6,2,7,0,43341,2021-07-05T11:08:17Z
2,2023-12-05T07:43:47Z,2023-12-04T01:08:45Z,2023-12-05T07:43:43Z,8333,2,MERGED,MDEwOlJlcG9zaXRvcnk4MDk0NTQyOA==,nest,TypeScript,chore(deps-dev): bump artillery from 2.0.1 to 2.0.2,None,dependabot,2023-12-05T07:43:43Z,1,nestjs,e3b7e948-1450-4eed-80b3-dbd6371f3ca1,9,9,0,67599,2023-12-04T01:08:45Z
2,2022-07-07T04:15:45Z,2022-07-04T04:18:14Z,2022-07-07T04:15:43Z,3976,0,CLOSED,MDEwOlJlcG9zaXRvcnk3NzIxMzEyMA==,tabby,TypeScript,Bump xterm-addon-webgl from 0.12.0-beta.36 to 0.13.0-beta.1 in /tabby-terminal,None,dependabot,None,1,Eugeny,2de45671-e946-423a-984b-390387ceeb53,5,5,0,59172,2022-07-04T04:18:14Z
1,2024-01-06T10:37:15Z,2024-01-05T18:47:37Z,2024-01-06T10:37:08Z,1959,1,MERGED,MDEwOlJlcG9zaXRvcnkyODgxNzg5,Python,Python,build(deps): bump google-api-python-client from 2.111.0 to 2.112.0,None,dependabot,2024-01-06T10:37:08Z,1,geekcomputers,b57aa564-ae84-4c1a-8852-dc85b216985f,1,1,0,31471,2024-01-05T18:47:37Z
2,2021-06-05T17:17:24Z,2021-06-01T04:05:09Z,2021-06-05T17:17:23Z,3976,1,MERGED,MDEwOlJlcG9zaXRvcnk3NzIxMzEyMA==,tabby,TypeScript,Bump @typescript-eslint/parser from 4.25.0 to 4.26.0,None,dependabot,2021-06-05T17:17:23Z,1,Eugeny,da6e8697-5ae2-4e77-bfbe-545c5e3c0ae4,11,57,0,59172,2021-06-01T04:05:09Z
2,2022-01-15T00:01:54Z,2021-01-14T05:07:03Z,2021-01-14T08:59:39Z,9804,2,MERGED,MDEwOlJlcG9zaXRvcnk3NTEwNDEyMw==,prettier,JavaScript,Build(deps-dev): Bump eslint-plugin-unicorn from 26.0.0 to 26.0.1,None,dependabot,2021-01-14T08:59:39Z,1,prettier,4bab6c2a-3f5b-4f18-a0a2-e49d222fa0db,5,5,1,49376,2021-01-14T05:07:03Z
2,2021-07-15T12:52:12Z,2021-07-15T12:33:29Z,2021-07-15T12:51:59Z,2684,1,CLOSED,MDEwOlJlcG9zaXRvcnkyNjA2NjcyNw==,mermaid,TypeScript,Bump @braintree/sanitize-url from 3.1.0 to 5.0.2,None,dependabot,None,1,mermaid-js,0fe2ab37-4373-4908-8255-d3f744795f48,2816,2978,0,71938,2021-07-15T12:33:29Z
2,2022-12-02T02:03:14Z,2021-11-30T08:12:31Z,2021-12-01T08:22:08Z,5392,0,CLOSED,MDEwOlJlcG9zaXRvcnkxMTE4MDY4Nw==,hugo,Go,build(deps): bump github.com/aws/aws-sdk-go from 1.41.14 to 1.42.15,None,dependabot,None,1,gohugoio,b35ff968-85b8-4c8a-8b60-0a8ed4863493,3,3,0,75666,2021-11-30T08:12:31Z
2,2021-05-18T07:41:22Z,2021-05-17T11:05:13Z,2021-05-18T07:41:21Z,4137,1,MERGED,MDEwOlJlcG9zaXRvcnk2MjM2NzU1OA==,hyper,TypeScript,Bump @babel/plugin-proposal-optional-chaining from 7.13.12 to 7.14.2,2021-05-18T02:42:42Z,dependabot,2021-05-18T07:41:21Z,1,vercel,f8773f60-4ac9-43d2-a7ce-e105ad2cb624,5,5,0,43341,2021-05-17T11:05:13Z
2,2023-04-11T18:16:00Z,2023-01-04T03:06:25Z,2023-04-11T18:15:56Z,7052,2,CLOSED,MDEwOlJlcG9zaXRvcnkzNjc4NzMx,webpack,JavaScript,chore(deps-dev): bump husky from 6.0.0 to 8.0.3,2023-04-11T18:15:55Z,dependabot,None,1,webpack,47c0dd30-ee8a-46e4-bf65-9d9669ad694a,5,5,1,64671,2023-01-04T03:06:25Z
1,2024-04-15T13:37:48Z,2024-04-11T15:03:57Z,2024-04-15T13:37:40Z,1049,3,MERGED,R_kgDOJPPS-Q,gpt4all,C++,build(deps): bump tar from 6.2.0 to 6.2.1 in /gpt4all-bindings/typescript,None,dependabot,2024-04-15T13:37:40Z,1,nomic-ai,fc6d4ca2-6869-4c78-b074-92ba28f53eae,3,3,2,70419,2024-04-11T15:03:57Z
1,2019-08-27T13:37:00Z,2019-08-27T13:34:37Z,2019-08-27T13:36:49Z,1685,1,CLOSED,MDEwOlJlcG9zaXRvcnkyNDg0MTYzNQ==,date-fns,TypeScript,Bump brace-expansion from 1.1.6 to 1.1.11 in /examples/webpack-2.x,None,dependabot,None,1,date-fns,acb222e4-65cf-4563-aa82-040dc701b328,8,8,0,34806,2019-08-27T13:34:37Z
2,2022-03-30T00:30:16Z,2021-03-29T02:50:02Z,2021-03-29T11:25:47Z,9804,2,MERGED,MDEwOlJlcG9zaXRvcnk3NTEwNDEyMw==,prettier,JavaScript,Build(deps-dev): Bump @types/estree from 0.0.46 to 0.0.47,2021-03-29T10:25:30Z,dependabot,2021-03-29T11:25:47Z,1,prettier,e2caf1ab-d198-4be4-9bad-561e077bc48c,5,10,1,49376,2021-03-29T02:50:02Z
1,2022-03-21T19:33:03Z,2022-03-21T07:03:54Z,2022-03-21T19:32:55Z,2684,1,MERGED,MDEwOlJlcG9zaXRvcnkyNjA2NjcyNw==,mermaid,TypeScript,chore(deps-dev): bump @babel/register from 7.17.0 to 7.17.7,None,dependabot,2022-03-21T19:32:55Z,1,mermaid-js,1319f953-462b-44b0-bd57-da5e6bbfa363,3,3,0,71938,2022-03-21T07:03:54Z
2,2024-01-30T18:24:29Z,2024-01-29T18:09:07Z,2024-01-30T18:24:27Z,1959,0,CLOSED,MDEwOlJlcG9zaXRvcnkyODgxNzg5,Python,Python,build(deps): bump aiohttp from 3.9.0 to 3.9.2,None,dependabot,None,1,geekcomputers,55d21112-0fcb-41e4-b3fa-cd4dbe85c864,2,2,0,31471,2024-01-29T18:09:07Z
2,2023-05-01T03:49:18Z,2023-05-01T02:58:36Z,2023-05-01T03:49:17Z,1157,0,MERGED,MDEwOlJlcG9zaXRvcnkxNjM4ODMyNzk=,act,Go,build(deps): bump github.com/docker/cli from 23.0.4+incompatible to 23.0.5+incompatible,2023-05-01T03:17:13Z,dependabot,2023-05-01T03:49:17Z,2,nektos,fdc85478-ddcf-487c-858e-d7766ad167bb,3,3,0,55058,2023-05-01T02:58:36Z
1,2024-03-18T09:14:57Z,2024-03-16T23:58:06Z,2024-03-18T09:14:56Z,1364,1,MERGED,MDEwOlJlcG9zaXRvcnk0NzM5NDc3Ng==,lerna,TypeScript,chore(deps): bump follow-redirects from 1.15.5 to 1.15.6,None,dependabot,2024-03-18T09:14:56Z,1,lerna,e3e8752d-b077-4ba6-96db-3d5b5b03e512,3,3,0,35717,2024-03-16T23:58:06Z
2,2023-10-25T16:02:47Z,2023-10-23T10:51:24Z,2023-10-25T16:02:32Z,2234,1,CLOSED,R_kgDOJH-jmg,ChatGPT-Next-Web,TypeScript,chore(deps): bump @vercel/analytics from 0.1.11 to 1.1.1,None,dependabot,None,1,ChatGPTNextWeb,09399c37-dab8-4421-82b6-b84e81af780f,5,12,0,76231,2023-10-23T10:51:24Z
2,2022-07-14T11:22:17Z,2022-07-12T16:54:52Z,2022-07-14T11:22:17Z,3905,1,MERGED,MDEwOlJlcG9zaXRvcnkxNjA5MTkxMTk=,fastapi,Python,⬆ Bump nwtgck/actions-netlify from 1.1.5 to 1.2.3,None,dependabot,2022-07-14T11:22:17Z,1,fastapi,8eb97f6f-a921-4e2d-a9e0-70e4c5744aa4,2,2,0,77179,2022-07-12T16:54:52Z
2,2022-01-12T18:25:31Z,2022-01-12T18:24:22Z,2022-01-12T18:25:29Z,2661,1,MERGED,MDEwOlJlcG9zaXRvcnkxNTQyODQ4MA==,AdminLTE,Astro,chore(deps): bump datatables.net-select-bs4 from 1.3.3 to 1.3.4,None,dependabot,2022-01-12T18:25:29Z,1,ColorlibHQ,752823e9-816a-406b-8c1d-8ac256c75e72,18,21,0,44041,2022-01-12T18:24:22Z
2,2021-02-07T09:14:47Z,2021-02-07T01:05:24Z,2021-02-07T09:14:46Z,4734,2,MERGED,MDEwOlJlcG9zaXRvcnkyMzEyODM0NTI=,excalidraw,TypeScript,chore(deps-dev): bump @babel/preset-env from 7.12.11 to 7.12.13 in /src/packages/utils,2021-02-07T09:10:00Z,dependabot,2021-02-07T09:14:46Z,1,excalidraw,3a4bd4c3-44bf-47dc-9354-24fe29714450,449,443,1,83917,2021-02-07T01:05:24Z
1,2024-05-13T10:10:42Z,2024-05-13T10:10:27Z,None,1028,0,OPEN,MDEwOlJlcG9zaXRvcnkxMjU3NDM0NA==,cobra,Go,build(deps): bump golangci/golangci-lint-action from 4.0.0 to 6.0.1,None,dependabot,None,1,spf13,7270f458-81fd-493a-8691-f56819fe13e6,1,1,0,38158,2024-05-13T10:10:27Z
2,2022-10-04T00:05:36Z,2021-10-03T01:07:14Z,2021-10-03T14:01:32Z,9804,1,MERGED,MDEwOlJlcG9zaXRvcnk3NTEwNDEyMw==,prettier,JavaScript,Build(deps-dev): Bump jest-watch-typeahead from 0.6.4 to 1.0.0,2021-10-03T13:27:12Z,dependabot,2021-10-03T14:01:32Z,1,prettier,641422d9-9b7d-4ea9-9a76-39540324f48b,44,39,0,49376,2021-10-03T01:07:14Z
1,2023-09-05T01:03:47Z,2023-09-04T23:56:57Z,2023-09-05T01:02:05Z,4965,2,MERGED,MDEwOlJlcG9zaXRvcnkyNjg0MjQ3Mzk=,helix,Rust,build(deps): bump serde from 1.0.185 to 1.0.188,2023-09-05T01:03:47Z,dependabot,2023-09-05T01:02:05Z,1,helix-editor,ed279062-5dc0-452b-a53a-f3e3aac65533,4,4,1,33625,2023-09-04T23:56:57Z
2,2021-10-16T00:01:55Z,2020-10-15T06:52:01Z,2020-10-15T06:55:55Z,9804,1,CLOSED,MDEwOlJlcG9zaXRvcnk3NTEwNDEyMw==,prettier,JavaScript,Build(deps): Bump @babel/parser from 7.11.5 to 7.12.0,None,dependabot,None,1,prettier,3a42ee7d-d2cc-4c26-95fc-26b50b4dd025,5,5,0,49376,2020-10-15T06:52:01Z
2,2024-05-16T18:12:14Z,2024-05-16T16:41:32Z,2024-05-16T18:12:13Z,3115,1,MERGED,R_kgDOLfkiww,OpenHands,Python,Bump web-vitals from 2.1.4 to 3.5.2 in /frontend,None,dependabot,2024-05-16T18:12:13Z,2,All-Hands-AI,b32f06c0-73d4-491b-805d-d0991e7566b2,5,5,1,34070,2024-05-16T16:41:32Z
1,2019-08-27T13:37:39Z,2019-08-27T13:33:15Z,2019-08-27T13:37:28Z,1685,1,CLOSED,MDEwOlJlcG9zaXRvcnkyNDg0MTYzNQ==,date-fns,TypeScript,Bump extend from 3.0.0 to 3.0.2 in /examples/webpack-1.x,None,dependabot,None,1,date-fns,50e21941-0f6a-4c85-9f63-31d9df8d3e6a,3,3,0,34806,2019-08-27T13:33:15Z
2,2022-11-02T00:03:13Z,2021-10-31T01:09:02Z,2021-11-01T05:52:09Z,9804,1,MERGED,MDEwOlJlcG9zaXRvcnk3NTEwNDEyMw==,prettier,JavaScript,Build(deps-dev): Bump @babel/preset-env from 7.15.8 to 7.16.0,2021-10-31T16:18:18Z,dependabot,2021-11-01T05:52:09Z,1,prettier,2b30b13f-9892-49ca-899b-bd5506009924,464,406,0,49376,2021-10-31T01:09:02Z
2,2021-12-21T03:13:02Z,2021-12-14T03:16:42Z,2021-12-21T03:12:47Z,2661,0,CLOSED,MDEwOlJlcG9zaXRvcnkxNTQyODQ4MA==,AdminLTE,Astro,chore(deps-dev): bump typescript from 4.5.2 to 4.5.4,2021-12-21T03:12:47Z,dependabot,None,1,ColorlibHQ,9c446aa1-6389-402e-9918-782a009332e8,8,8,0,44041,2021-12-14T03:16:42Z
2,2021-08-29T01:19:55Z,2021-07-11T01:35:44Z,2021-08-29T01:19:54Z,4734,1,CLOSED,MDEwOlJlcG9zaXRvcnkyMzEyODM0NTI=,excalidraw,TypeScript,chore(deps-dev): bump husky from 4.3.8 to 7.0.1,None,dependabot,None,1,excalidraw,1d1f3fd6-36ac-4855-8ced-0d5e9abcec17,62,5,0,83917,2021-07-11T01:35:44Z
1,2022-10-11T12:03:05Z,2021-06-29T18:10:01Z,2021-06-29T18:26:08Z,4196,0,MERGED,MDEwOlJlcG9zaXRvcnkyODA1NTcwNTQ=,trpc,TypeScript,Bump fastify from 3.18.0 to 3.18.1,2021-06-29T18:22:58Z,dependabot,2021-06-29T18:26:08Z,2,trpc,4007e4d4-2f50-4e1b-a389-1be11a97a65a,3,3,1,34912,2021-06-29T18:10:01Z
2,2023-02-08T09:24:20Z,2023-02-08T09:06:50Z,2023-02-08T09:24:19Z,4355,1,MERGED,MDEwOlJlcG9zaXRvcnkxNTA0NTc1MQ==,compose,Go,build(deps): bump go.opentelemetry.io/otel from 1.12.0 to 1.13.0,2023-02-08T09:13:41Z,dependabot,2023-02-08T09:24:19Z,1,docker,708f0339-411e-45b4-93ca-5ce61bc56395,6,6,1,33955,2023-02-08T09:06:50Z
2,2022-02-10T11:18:46Z,2022-02-08T00:18:58Z,2022-02-10T11:18:44Z,8333,0,CLOSED,MDEwOlJlcG9zaXRvcnk4MDk0NTQyOA==,nest,TypeScript,chore(deps-dev): bump @types/node from 16.11.21 to 17.0.16,2022-02-10T11:18:36Z,dependabot,None,1,nestjs,739107eb-0859-4848-8b62-050b0bca0ccf,4,4,0,67599,2022-02-08T00:18:58Z
2,2022-07-11T07:05:48Z,2022-07-11T06:13:49Z,2022-07-11T07:05:47Z,3390,1,MERGED,MDEwOlJlcG9zaXRvcnkxNzg5OTExNTg=,starship,Rust,build: bump serde from 1.0.138 to 1.0.139,None,dependabot,2022-07-11T07:05:47Z,1,starship,8b562ab3-e2e6-44c2-881e-9459721d87fa,5,5,1,45102,2022-07-11T06:13:49Z
2,2023-03-08T07:56:43Z,2023-03-08T03:04:54Z,2023-03-08T07:33:24Z,8333,2,MERGED,MDEwOlJlcG9zaXRvcnk4MDk0NTQyOA==,nest,TypeScript,chore(deps): bump @nestjs/core from 9.0.1 to 9.0.5 in /sample/26-queues,2023-03-08T07:32:53Z,dependabot,2023-03-08T07:33:24Z,1,nestjs,51f175ae-ae10-418c-8cef-4fe5e9329b2f,8,8,0,67599,2023-03-08T03:04:54Z
1,2023-11-03T14:40:44Z,2023-11-01T23:55:51Z,2023-11-03T14:40:43Z,8942,1,MERGED,MDEwOlJlcG9zaXRvcnk2ODM4OTIx,prometheus,Go,build(deps): bump actions/checkout from 4.1.0 to 4.1.1 in /scripts,None,dependabot,2023-11-03T14:40:43Z,1,prometheus,2652e0d4-0ab4-4f43-aecb-1adc175a11d0,1,1,0,55548,2023-11-01T23:55:51Z
2,2021-05-08T07:59:51Z,2021-04-27T18:42:28Z,2021-05-08T07:59:40Z,2929,1,MERGED,MDEwOlJlcG9zaXRvcnk1Mjc3MzE1Nw==,typeorm,TypeScript,chore(deps-dev): bump redis from 3.0.2 to 3.1.1,None,dependabot,2021-05-08T07:59:40Z,1,typeorm,b50e5181-a4c0-431f-b661-e605175d8844,9,17,0,34191,2021-04-27T18:42:28Z
1,2023-11-02T09:52:24Z,2023-11-01T23:00:29Z,2023-11-02T09:52:23Z,2999,1,MERGED,MDEwOlJlcG9zaXRvcnk1MTk4MzI=,mitmproxy,Python,"Update pytest-timeout requirement from <2.2,>=1.3.3 to >=1.3.3,<2.3",None,dependabot,2023-11-02T09:52:23Z,1,mitmproxy,19407bc9-5a13-4cc0-b4e4-4457f7a4021b,1,1,0,36698,2023-11-01T23:00:29Z
1,2022-09-16T09:10:40Z,2022-09-14T07:30:28Z,2022-09-16T09:10:39Z,6144,1,MERGED,MDEwOlJlcG9zaXRvcnk5MDc5NjY2Mw==,puppeteer,TypeScript,chore(deps): bump ossf/scorecard-action from 1.1.2 to 2.0.3,2022-09-16T08:49:01Z,dependabot,2022-09-16T09:10:39Z,1,puppeteer,956c2d1b-5ccc-4c8b-8afa-676ec12d0367,1,1,1,88671,2022-09-14T07:30:28Z
3,2022-06-13T03:43:57Z,2022-06-13T00:01:56Z,2022-06-13T03:43:45Z,2483,1,CLOSED,MDEwOlJlcG9zaXRvcnkyMDM1ODc3NDQ=,hoppscotch,TypeScript,chore(deps-dev): bump @types/jest from 27.5.2 to 28.1.1,None,dependabot,None,1,hoppscotch,c4531407-330b-4e2b-94a5-0bf15ae08f7a,3,3,0,65235,2022-06-13T00:01:56Z
2,2023-04-11T18:16:05Z,2023-01-09T03:13:13Z,2023-04-11T18:16:02Z,7052,1,CLOSED,MDEwOlJlcG9zaXRvcnkzNjc4NzMx,webpack,JavaScript,chore(deps-dev): bump eslint-plugin-jest from 24.7.0 to 27.2.1,2023-04-11T18:16:01Z,dependabot,None,1,webpack,92db8ff3-d745-4bf8-8d55-1968a84b06cd,60,72,0,64671,2023-01-09T03:13:13Z
2,2020-11-25T08:01:23Z,2020-11-25T05:23:39Z,2020-11-25T08:01:20Z,8333,2,MERGED,MDEwOlJlcG9zaXRvcnk4MDk0NTQyOA==,nest,TypeScript,chore(deps-dev): bump fastify-static from 3.2.1 to 3.3.0,None,dependabot,2020-11-25T08:01:20Z,1,nestjs,9d69125d-625e-4776-bbaa-c2762a8c96ea,18,9,0,67599,2020-11-25T05:23:39Z
1,2023-03-17T14:41:55Z,2023-03-15T23:05:43Z,2023-03-17T14:41:50Z,2602,3,MERGED,MDEwOlJlcG9zaXRvcnkxNzgwMzIzNg==,rclone,Go,build(deps): bump actions/setup-go from 3 to 4,2023-03-17T14:08:40Z,dependabot,2023-03-17T14:41:50Z,1,rclone,fed185c0-b085-4c48-82df-fbc816b5d64e,3,3,1,47037,2023-03-15T23:05:43Z
1,2023-05-10T08:45:22Z,2023-05-10T08:40:10Z,2023-05-10T08:45:09Z,1378,1,MERGED,MDEwOlJlcG9zaXRvcnkxMzI0NjQzOTU=,JavaGuide,Java,chore(deps): bump webpack from 5.75.0 to 5.82.0,None,dependabot,2023-05-10T08:45:09Z,1,Snailclimb,cdba0e14-b832-40e9-968d-16382e9e9728,230,230,0,146710,2023-05-10T08:40:10Z
9,2024-09-30T21:51:04Z,2024-09-30T20:45:55Z,2024-09-30T21:50:56Z,1696,1,CLOSED,R_kgDOIpvk-w,text-generation-webui,Python,Update gradio requirement from ==4.26.* to ==4.44.*,None,dependabot,None,1,oobabooga,9b94af7b-59b5-493f-82bb-5a088cd6578c,9,9,0,40456,2024-09-30T20:45:55Z
2,2022-11-16T00:03:20Z,2021-11-14T01:32:35Z,2021-11-15T16:16:36Z,9804,1,MERGED,MDEwOlJlcG9zaXRvcnk3NTEwNDEyMw==,prettier,JavaScript,Build(deps): Bump node-fetch from 3.0.0 to 3.1.0 in /scripts/release,None,dependabot,2021-11-15T16:16:36Z,1,prettier,cc0f8c24-3ed9-47aa-a998-3340364e81b1,10,18,0,49376,2021-11-14T01:32:35Z
2,2024-07-04T05:28:37Z,2024-07-03T14:21:30Z,2024-07-04T05:28:35Z,3115,1,MERGED,R_kgDOLfkiww,OpenHands,Python,chore(deps): bump jose from 5.6.2 to 5.6.3 in /frontend,None,dependabot,2024-07-04T05:28:35Z,1,All-Hands-AI,9790cc0f-ccfd-4b32-97c2-24a689ac9415,5,5,1,34070,2024-07-03T14:21:30Z
2,2024-10-28T17:37:43Z,2024-10-24T18:38:46Z,2024-10-28T17:37:41Z,4552,2,CLOSED,R_kgDOJKSTjA,AutoGPT,Python,build(deps): bump the production-dependencies group in /autogpt_platform/frontend with 20 updates,2024-10-28T17:37:40Z,dependabot,None,1,Significant-Gravitas,13917cd9-8f49-4eb4-901c-efe1716b6b43,356,282,0,168029,2024-10-24T18:38:46Z
2,2024-08-20T16:31:21Z,2024-08-20T15:09:49Z,2024-08-20T16:31:19Z,3115,1,MERGED,R_kgDOLfkiww,OpenHands,Python,chore(deps): bump i18next from 23.12.3 to 23.14.0 in /frontend,2024-08-20T16:31:20Z,dependabot,2024-08-20T16:31:19Z,1,All-Hands-AI,04d1a1bd-5fc0-4964-bbaa-2b08b4f89e62,5,5,1,34070,2024-08-20T15:09:49Z
1,2023-08-14T19:40:55Z,2023-08-14T18:57:28Z,2023-08-14T19:40:53Z,2364,1,MERGED,MDEwOlJlcG9zaXRvcnkyNzgzMzUyNzM=,github-readme-stats,JavaScript,Build(deps): Bump github/codeql-action from 2.21.2 to 2.21.4,None,dependabot,2023-08-14T19:40:53Z,1,anuraghazra,783ded1e-ed70-409f-8c80-109be79a8cc0,1,1,1,69361,2023-08-14T18:57:28Z
1,2023-09-15T02:45:41Z,2023-09-11T02:56:03Z,2023-09-15T02:45:38Z,7052,1,CLOSED,MDEwOlJlcG9zaXRvcnkzNjc4NzMx,webpack,JavaScript,chore(deps-dev): bump @babel/core from 7.22.1 to 7.22.17,None,dependabot,None,1,webpack,64a60be4-9dbe-4757-ba62-70257770bea5,132,167,0,64671,2023-09-11T02:56:03Z
1,2023-05-06T05:42:27Z,2023-05-04T01:55:57Z,2023-05-06T05:42:17Z,4508,1,CLOSED,MDEwOlJlcG9zaXRvcnkxMDg3NjE2NDU=,nocodb,TypeScript,chore(deps): bump engine.io from 6.4.1 to 6.4.2 in /packages/nocodb-nest,2023-05-04T13:21:57Z,dependabot,None,1,nocodb,a6a9b679-577d-4e94-a97d-69371f5c06c9,6,6,0,49464,2023-05-04T01:55:57Z
1,2021-07-05T23:06:23Z,2021-06-10T02:03:23Z,2021-07-05T23:06:22Z,7052,2,MERGED,MDEwOlJlcG9zaXRvcnkzNjc4NzMx,webpack,JavaScript,chore(deps-dev): bump jest-junit from 12.0.0 to 12.2.0,2021-06-22T07:48:41Z,dependabot,2021-07-05T23:06:22Z,1,webpack,9bbd33f7-7217-430c-87c8-776d64a9fce0,5,5,0,64671,2021-06-10T02:03:23Z
1,2020-09-02T15:57:15Z,2020-09-02T15:55:21Z,2020-09-02T15:57:13Z,3976,1,MERGED,MDEwOlJlcG9zaXRvcnk3NzIxMzEyMA==,tabby,TypeScript,Bump bl from 3.0.0 to 3.0.1 in /app,None,dependabot,2020-09-02T15:57:13Z,1,Eugeny,41b828e7-3933-4653-8ea8-4cb3b01e89ea,12,22,0,59172,2020-09-02T15:55:21Z
1,2024-02-21T22:36:39Z,2024-02-21T20:53:01Z,2024-02-21T22:36:39Z,6183,1,MERGED,R_kgDOIWuq5w,llama_index,Python,Bump cryptography from 42.0.3 to 42.0.4 in /llama-index-integrations/llms/llama-index-llms-sagemaker-endpoint,None,dependabot,2024-02-21T22:36:39Z,1,run-llama,2fee7efe-be01-43aa-8e5b-286294cd8f5f,33,45,0,36519,2024-02-21T20:53:01Z
2,2021-01-03T09:58:54Z,2020-12-31T05:06:17Z,2021-01-03T09:57:29Z,8333,2,MERGED,MDEwOlJlcG9zaXRvcnk4MDk0NTQyOA==,nest,TypeScript,chore(deps-dev): bump @types/node from 14.14.16 to 14.14.17,2021-01-03T09:58:54Z,dependabot,2021-01-03T09:57:29Z,1,nestjs,fe968d9d-bd96-4e63-a77a-031eca9f0046,4,4,0,67599,2020-12-31T05:06:17Z
1,2024-01-13T12:50:56Z,2023-12-20T03:59:27Z,2024-01-13T12:50:55Z,7052,2,MERGED,MDEwOlJlcG9zaXRvcnkzNjc4NzMx,webpack,JavaScript,chore(deps-dev): bump eslint from 8.43.0 to 8.56.0,2024-01-12T12:59:59Z,dependabot,2024-01-13T12:50:55Z,1,webpack,7ec35369-f9b1-4753-a4ab-663a93bc34ec,25,31,1,64671,2023-12-20T03:59:27Z
2,2021-03-11T07:54:55Z,2021-03-11T05:21:08Z,2021-03-11T07:54:54Z,8333,1,CLOSED,MDEwOlJlcG9zaXRvcnk4MDk0NTQyOA==,nest,TypeScript,chore(deps): bump fast-json-stringify from 2.5.0 to 2.5.1,2021-03-11T07:54:53Z,dependabot,None,1,nestjs,2e34c057-0248-403e-a9a1-f1f9d34fb1eb,4,4,0,67599,2021-03-11T05:21:08Z
1,2024-02-19T20:18:09Z,2024-02-19T12:05:14Z,2024-02-19T20:18:08Z,4140,1,MERGED,MDEwOlJlcG9zaXRvcnk5MzExMzU=,Leaflet,JavaScript,Bump github-pages from 230 to 231 in /docs,None,dependabot,2024-02-19T20:18:08Z,1,Leaflet,fd2fa7ef-a4b0-4ace-abde-770d255793c8,3,3,0,41349,2024-02-19T12:05:14Z
2,2024-01-22T17:23:00Z,2023-12-18T06:42:08Z,None,1814,1,OPEN,MDEwOlJlcG9zaXRvcnkxMjUyNjYzMjg=,black,Python,Bump actions/upload-artifact from 3 to 4,2024-01-22T17:23:00Z,dependabot,None,1,psf,d4315885-9a0a-4e4f-881f-58bc85257aeb,5,5,0,38894,2023-12-18T06:42:08Z
1,2021-07-08T22:08:18Z,2021-07-08T21:29:04Z,2021-07-08T22:08:17Z,1897,1,MERGED,MDEwOlJlcG9zaXRvcnkxNzI5NTM4NDU=,code-server,TypeScript,chore(deps-dev): bump @types/pem from 1.9.5 to 1.9.6,None,dependabot,2021-07-08T22:08:17Z,1,coder,bd9a0f4b-937a-44bf-b1f2-3c9136508019,3,3,1,68376,2021-07-08T21:29:04Z
1,2023-10-27T03:28:27Z,2023-10-27T03:27:21Z,2023-10-27T03:28:19Z,3329,2,MERGED,MDEwOlJlcG9zaXRvcnkyNjYyMzExNDk=,logseq,Clojure,chore(deps): bump browserify-sign from 4.2.1 to 4.2.2,None,dependabot,2023-10-27T03:28:19Z,1,logseq,46f18f89-2256-4ec7-9542-5b08adbfcd8b,15,15,0,32776,2023-10-27T03:27:21Z
2,2024-08-30T01:58:24Z,2023-08-28T08:20:22Z,2023-08-30T09:17:11Z,5392,1,MERGED,MDEwOlJlcG9zaXRvcnkxMTE4MDY4Nw==,hugo,Go,build(deps): bump gocloud.dev from 0.33.0 to 0.34.0,None,dependabot,2023-08-30T09:17:10Z,1,gohugoio,23264e91-38a9-45a3-8221-db0d425ae89c,3,3,0,75666,2023-08-28T08:20:22Z
3,2022-12-16T07:12:34Z,2022-12-15T00:13:31Z,2022-12-16T07:12:30Z,8333,2,MERGED,MDEwOlJlcG9zaXRvcnk4MDk0NTQyOA==,nest,TypeScript,chore(deps): bump light-my-request from 5.6.1 to 5.8.0,None,dependabot,2022-12-16T07:12:30Z,1,nestjs,b25acf96-0eb9-41b2-889f-4eaac4354cc0,5,5,0,67599,2022-12-15T00:13:31Z
2,2023-12-18T18:14:01Z,2023-12-18T11:46:30Z,2023-12-18T18:13:36Z,4137,1,MERGED,MDEwOlJlcG9zaXRvcnk2MjM2NzU1OA==,hyper,TypeScript,Bump eslint from 8.55.0 to 8.56.0,2023-12-18T18:14:01Z,dependabot,2023-12-18T18:13:36Z,1,vercel,3ad828ad-49c8-46a6-babc-f11641f16c2f,10,10,0,43341,2023-12-18T11:46:30Z
2,2022-01-06T15:34:59Z,2021-12-20T15:00:51Z,2021-12-20T16:13:58Z,1864,1,MERGED,MDEwOlJlcG9zaXRvcnkyMDk2NTc5,marked,JavaScript,chore(deps-dev): Bump @babel/preset-env from 7.16.4 to 7.16.5,2021-12-20T16:12:44Z,dependabot,2021-12-20T16:13:58Z,1,markedjs,00972f5d-d547-4a10-a8ee-b3ed59535c89,568,574,0,33132,2021-12-20T15:00:51Z
1,2024-04-29T02:27:50Z,2024-04-26T02:13:47Z,2024-04-29T02:27:49Z,7052,1,CLOSED,MDEwOlJlcG9zaXRvcnkzNjc4NzMx,webpack,JavaScript,chore(deps-dev): bump react from 18.2.0 to 18.3.0,None,dependabot,None,1,webpack,081b7f75-d84a-4d18-870c-b2314a942618,5,9,0,64671,2024-04-26T02:13:47Z
1,2024-01-25T03:39:31Z,2024-01-18T03:52:40Z,2024-01-25T03:39:29Z,7052,1,CLOSED,MDEwOlJlcG9zaXRvcnkzNjc4NzMx,webpack,JavaScript,chore(deps-dev): bump @types/node from 20.6.0 to 20.11.5,None,dependabot,None,1,webpack,d2cc0e00-8f92-4eb2-bd32-639e976d302e,3,10,0,64671,2024-01-18T03:52:40Z
2,2022-05-23T04:07:27Z,2022-05-11T04:08:43Z,2022-05-23T04:07:26Z,3976,0,CLOSED,MDEwOlJlcG9zaXRvcnk3NzIxMzEyMA==,tabby,TypeScript,Bump core-js from 3.21.1 to 3.22.5,None,dependabot,None,1,Eugeny,97ea5872-f5e7-4651-b98e-72134a8746bb,5,5,0,59172,2022-05-11T04:08:43Z
2,2021-12-10T00:04:05Z,2021-11-18T00:15:28Z,2021-12-10T00:04:04Z,8333,0,CLOSED,MDEwOlJlcG9zaXRvcnk4MDk0NTQyOA==,nest,TypeScript,chore(deps-dev): bump typescript from 4.3.5 to 4.5.2,2021-12-09T11:57:15Z,dependabot,None,1,nestjs,29d167f1-fce3-4227-8e8d-40721fa59c9f,4,4,0,67599,2021-11-18T00:15:28Z
2,2022-05-17T12:09:13Z,2022-05-05T00:03:48Z,2022-05-17T12:09:04Z,8333,2,MERGED,MDEwOlJlcG9zaXRvcnk4MDk0NTQyOA==,nest,TypeScript,chore(deps-dev): bump mocha from 9.2.2 to 10.0.0,2022-05-17T11:25:44Z,dependabot,2022-05-17T12:09:04Z,1,nestjs,e26f4f3d-9390-48f2-9128-a900de824398,38,32,0,67599,2022-05-05T00:03:48Z
1,2024-11-04T21:22:26Z,2024-11-04T06:13:57Z,2024-11-04T21:22:18Z,8922,1,CLOSED,MDEwOlJlcG9zaXRvcnkyMzQ3OTg2NzU=,bevy,Rust,Bump crate-ci/typos from 1.26.8 to 1.27.0,None,dependabot,None,1,bevyengine,df513a03-2b7e-4911-adba-1758d9c3a418,1,1,0,36093,2024-11-04T06:13:57Z
1,2021-08-26T06:42:03Z,2021-08-26T04:11:56Z,2021-08-26T06:41:53Z,3952,1,MERGED,MDEwOlJlcG9zaXRvcnk3NTA4NDEx,RxJava,Java,Bump mockito-core from 3.12.3 to 3.12.4,None,dependabot,2021-08-26T06:41:52Z,1,ReactiveX,dbe18675-4a2f-4f80-a37b-2c7f901d5048,1,1,0,47909,2021-08-26T04:11:56Z
2,2021-10-29T11:13:04Z,2021-10-29T11:10:24Z,2021-10-29T11:13:03Z,4734,2,MERGED,MDEwOlJlcG9zaXRvcnkyMzEyODM0NTI=,excalidraw,TypeScript,chore(deps-dev): bump ts-loader from 9.2.4 to 9.2.6 in /src/packages/utils,None,dependabot,2021-10-29T11:13:03Z,1,excalidraw,e8fecf90-d8a8-40c1-ba10-f1b31c5ad062,12,33,1,83917,2021-10-29T11:10:24Z
2,2021-11-24T21:34:31Z,2021-11-08T06:03:16Z,2021-11-24T21:34:30Z,8922,2,CLOSED,MDEwOlJlcG9zaXRvcnkyMzQ3OTg2NzU=,bevy,Rust,Update glam requirement from 0.18.0 to 0.20.0,2021-11-24T21:34:29Z,dependabot,None,1,bevyengine,ef625481-9e84-4c3e-99ac-a3e5bcfbdcca,2,2,0,36094,2021-11-08T06:03:16Z
1,2024-06-01T19:59:53Z,2024-05-27T06:54:20Z,2024-06-01T19:59:53Z,1814,1,MERGED,MDEwOlJlcG9zaXRvcnkxMjUyNjYzMjg=,black,Python,Bump pypa/cibuildwheel from 2.18.0 to 2.18.1,None,dependabot,2024-06-01T19:59:53Z,1,psf,e788c401-e17a-4fea-8eb0-5dd048fa25cb,1,1,0,38894,2024-05-27T06:54:20Z
2,2022-05-10T12:19:43Z,2022-05-08T01:44:40Z,2022-05-10T12:19:42Z,4734,1,CLOSED,MDEwOlJlcG9zaXRvcnkyMzEyODM0NTI=,excalidraw,TypeScript,chore(deps): bump firebase from 8.3.3 to 9.8.0,None,dependabot,None,1,excalidraw,220842b7-a235-4fc4-a4af-e30ae07e06a5,367,493,0,83917,2022-05-08T01:44:40Z
2,2023-05-23T14:00:01Z,2023-05-03T13:58:56Z,2023-05-23T13:59:58Z,2189,0,CLOSED,MDEwOlJlcG9zaXRvcnkzNTc3OTE5,beego,Go,build(deps): bump go.opentelemetry.io/otel/sdk from 1.11.2 to 1.15.1,2023-05-21T07:22:08Z,dependabot,None,1,beego,047d98f3-6310-4ab3-ae78-2dae00625a59,18,18,0,31593,2023-05-03T13:58:56Z
1,2023-07-22T18:31:34Z,2023-07-22T18:25:08Z,2023-07-22T18:31:30Z,2364,1,MERGED,MDEwOlJlcG9zaXRvcnkyNzgzMzUyNzM=,github-readme-stats,JavaScript,Build(deps): Bump actions/checkout from 3.5.2 to 3.5.3,None,dependabot,2023-07-22T18:31:30Z,1,anuraghazra,0141db6b-7c1f-48b3-92a9-ee1182c69939,1,1,1,69361,2023-07-22T18:25:08Z
1,2021-08-02T17:15:16Z,2021-08-02T12:00:57Z,2021-08-02T17:15:14Z,5310,2,MERGED,MDEwOlJlcG9zaXRvcnkxNjEwMTIwMTk=,jellyfin,C#,Bump Swashbuckle.AspNetCore from 6.1.4 to 6.1.5,None,dependabot,2021-08-02T17:15:14Z,1,jellyfin,ea2ae665-15f5-4cf6-a8bc-706047af0bd0,1,1,2,34790,2021-08-02T12:00:57Z
2,2023-07-24T00:43:42Z,2023-07-21T00:59:16Z,2023-07-24T00:43:39Z,8333,1,CLOSED,MDEwOlJlcG9zaXRvcnk4MDk0NTQyOA==,nest,TypeScript,chore(deps-dev): bump @apollo/server from 4.7.5 to 4.8.0,None,dependabot,None,1,nestjs,a2be4217-bf16-4f6d-a87e-d170e45666aa,5,5,0,67599,2023-07-21T00:59:16Z
2,2021-03-21T07:01:17Z,2021-03-21T01:10:41Z,2021-03-21T07:01:16Z,4734,1,MERGED,MDEwOlJlcG9zaXRvcnkyMzEyODM0NTI=,excalidraw,TypeScript,chore(deps-dev): bump css-loader from 5.1.2 to 5.1.3 in /src/packages/excalidraw,None,dependabot,2021-03-21T07:01:16Z,1,excalidraw,11c33e4c-53f8-4845-b9b4-85ac51044584,5,5,1,83917,2021-03-21T01:10:41Z
2,2022-02-02T03:51:24Z,2022-02-01T20:33:45Z,2022-02-02T03:51:22Z,6193,2,CLOSED,MDEwOlJlcG9zaXRvcnk5NDkxMTE0NQ==,docusaurus,TypeScript,chore(deps): bump stringify-object from 3.3.0 to 4.0.0,None,dependabot,None,1,facebook,8acb6d92-9f1b-4cfc-8f89-f2c479468d30,2,21,0,56525,2022-02-01T20:33:45Z
2,2024-02-02T08:51:13Z,2024-01-30T00:42:34Z,2024-02-02T08:51:10Z,8333,2,MERGED,MDEwOlJlcG9zaXRvcnk4MDk0NTQyOA==,nest,TypeScript,chore(deps-dev): bump @typescript-eslint/eslint-plugin from 6.19.1 to 6.20.0,2024-01-31T08:02:31Z,dependabot,2024-02-02T08:51:10Z,1,nestjs,a6b98e1f-f2ce-4d48-8297-ac58dd31b14a,189,37,0,67599,2024-01-30T00:42:34Z
1,2021-07-12T21:53:30Z,2021-07-12T12:00:58Z,2021-07-12T21:53:29Z,5310,2,MERGED,MDEwOlJlcG9zaXRvcnkxNjEwMTIwMTk=,jellyfin,C#,Bump SkiaSharp from 2.80.2 to 2.80.3,None,dependabot,2021-07-12T21:53:29Z,1,jellyfin,a65e6080-58f3-4eaf-8e71-01a3a03c90b3,1,1,2,34790,2021-07-12T12:00:58Z
2,2023-01-08T07:52:12Z,2022-11-09T08:03:45Z,2023-01-08T07:52:12Z,498,1,MERGED,MDEwOlJlcG9zaXRvcnkyMzc3OTEwNzc=,diagrams,Python,chore(deps-dev): bump pytest from 7.0.1 to 7.2.0,2023-01-08T07:45:26Z,dependabot,2023-01-08T07:52:12Z,1,mingrammer,451a6948-9e6a-4e46-9fcc-c49257fd8ddd,33,23,0,38474,2022-11-09T08:03:45Z
2,2021-07-13T02:53:53Z,2021-07-12T11:06:16Z,2021-07-13T02:41:44Z,4137,1,MERGED,MDEwOlJlcG9zaXRvcnk2MjM2NzU1OA==,hyper,TypeScript,Bump @types/lodash from 4.14.170 to 4.14.171,2021-07-13T02:42:31Z,dependabot,2021-07-13T02:41:44Z,1,vercel,5edcb51a-704e-4ce7-be49-6b6caa6f353f,5,5,0,43341,2021-07-12T11:06:16Z
2,2022-04-01T08:26:41Z,2022-03-29T08:12:25Z,2022-04-01T08:26:39Z,8333,2,MERGED,MDEwOlJlcG9zaXRvcnk4MDk0NTQyOA==,nest,TypeScript,chore(deps-dev): bump point-of-view from 5.1.0 to 5.2.0,2022-03-31T18:46:22Z,dependabot,2022-04-01T08:26:39Z,1,nestjs,e5815fa7-1063-4035-a822-839deb007be5,4,4,0,67599,2022-03-29T08:12:25Z
1,2022-09-14T08:13:33Z,2022-09-14T07:57:19Z,2022-09-14T08:13:17Z,9648,1,CLOSED,MDEwOlJlcG9zaXRvcnkxOTMyMTU1NTQ=,n8n,TypeScript,build(deps): bump postcss from 6.0.23 to 7.0.39,None,dependabot,None,1,n8n-io,9c040b0d-5a82-4606-9acf-f71e2e0a9a52,2595,0,0,48219,2022-09-14T07:57:19Z
1,2023-09-05T02:08:15Z,2023-08-25T02:29:20Z,2023-09-05T02:08:05Z,7052,1,CLOSED,MDEwOlJlcG9zaXRvcnkzNjc4NzMx,webpack,JavaScript,chore(deps-dev): bump @babel/core from 7.22.1 to 7.22.11,None,dependabot,None,1,webpack,61b5dcdf-3fce-42b4-a912-dd61d53476b4,132,167,0,64671,2023-08-25T02:29:20Z
2,2021-08-06T06:54:00Z,2021-08-04T00:10:14Z,2021-08-06T06:53:59Z,8333,1,CLOSED,MDEwOlJlcG9zaXRvcnk4MDk0NTQyOA==,nest,TypeScript,chore(deps-dev): bump @nestjs/typeorm from 8.0.1 to 8.0.2,2021-08-06T06:53:58Z,dependabot,None,1,nestjs,297f4e9e-1a8c-4f43-a83b-b5f31536af88,4,4,0,67599,2021-08-04T00:10:14Z
2,2023-12-23T12:35:25Z,2023-12-23T05:41:25Z,2023-12-23T12:35:24Z,8379,1,MERGED,R_kgDOHy0BzQ,ruff,Rust,Bump toml from 0.8.2 to 0.8.8,None,dependabot,2023-12-23T12:35:24Z,1,astral-sh,e2976c7a-5562-4387-8593-87ef6109cf52,9,9,0,32497,2023-12-23T05:41:25Z
1,2021-03-12T05:49:08Z,2021-03-12T05:42:47Z,2021-03-12T05:48:58Z,5866,1,CLOSED,MDEwOlJlcG9zaXRvcnkxNjQxNDA3NTY=,Files,C#,Bump Microsoft.Toolkit.Mvvm from 7.0.0-preview4 to 7.0.0,None,dependabot,None,1,files-community,e92f9e73-c0a0-4255-9c30-1b0aa00368f3,1,1,0,34429,2021-03-12T05:42:47Z
1,2022-05-03T00:31:56Z,2022-05-02T23:06:35Z,2022-05-03T00:31:55Z,4965,1,MERGED,MDEwOlJlcG9zaXRvcnkyNjg0MjQ3Mzk=,helix,Rust,build(deps): bump serde_json from 1.0.79 to 1.0.80,None,dependabot,2022-05-03T00:31:55Z,1,helix-editor,57e48d8a-91e9-4c27-8349-c8a2446cb500,2,2,0,33625,2022-05-02T23:06:35Z
1,2023-10-13T14:21:24Z,2023-10-09T12:11:09Z,2023-10-13T14:21:23Z,4140,1,MERGED,MDEwOlJlcG9zaXRvcnk5MzExMzU=,Leaflet,JavaScript,Bump sinon from 16.0.0 to 16.1.0,None,dependabot,2023-10-13T14:21:23Z,1,Leaflet,0b58f6db-311f-47cf-9a54-3a3ace0b056b,3,3,1,41349,2023-10-09T12:11:09Z
2,2021-07-20T20:02:49Z,2021-07-15T20:03:51Z,2021-07-20T20:02:48Z,2684,0,CLOSED,MDEwOlJlcG9zaXRvcnkyNjA2NjcyNw==,mermaid,TypeScript,Bump cypress from 7.6.0 to 7.7.0,None,dependabot,None,1,mermaid-js,90282017-ec22-471f-b4e7-18f1d22dc922,5,5,0,71938,2021-07-15T20:03:51Z
2,2023-12-11T10:00:20Z,2023-12-04T09:36:09Z,2023-12-11T10:00:17Z,1061,0,CLOSED,R_kgDOJTvgag,AgentGPT,TypeScript,Bump replicate from 0.8.4 to 0.21.0 in /platform,None,dependabot,None,1,reworkd,e996fd7d-5f47-4297-9c47-a2e061a96fbb,152,16,0,31716,2023-12-04T09:36:09Z
3,2024-09-16T09:48:23Z,2024-09-03T00:25:17Z,2024-09-16T09:48:16Z,8333,2,MERGED,MDEwOlJlcG9zaXRvcnk4MDk0NTQyOA==,nest,TypeScript,chore(deps): bump light-my-request from 5.13.0 to 6.0.0,2024-09-16T08:18:47Z,dependabot,2024-09-16T09:48:16Z,1,nestjs,99b7c59a-3ba3-46c8-95ce-9bbf8abe6a86,11,38,0,67599,2024-09-03T00:25:17Z
2,2022-12-04T02:02:42Z,2021-12-01T08:22:01Z,2021-12-02T08:14:21Z,5392,0,CLOSED,MDEwOlJlcG9zaXRvcnkxMTE4MDY4Nw==,hugo,Go,build(deps): bump github.com/aws/aws-sdk-go from 1.41.14 to 1.42.16,None,dependabot,None,1,gohugoio,8808668d-f973-47c3-8715-cfa5a0eaf434,3,3,0,75666,2021-12-01T08:22:01Z
1,2022-10-09T18:02:16Z,2021-09-27T18:11:53Z,2021-09-28T01:12:23Z,4196,0,MERGED,MDEwOlJlcG9zaXRvcnkyODA1NTcwNTQ=,trpc,TypeScript,Bump zod from 3.8.2 to 3.9.1,None,dependabot,2021-09-28T01:12:23Z,2,trpc,18e96295-81f5-4828-b9cc-065ccf17c32e,44,45,1,34912,2021-09-27T18:11:53Z
1,2021-12-24T23:14:08Z,2021-12-20T23:14:30Z,2021-12-24T23:14:06Z,1274,1,CLOSED,MDEwOlJlcG9zaXRvcnk1OTIzMjE1,hexo,TypeScript,chore: bump lint-staged from 11.2.6 to 12.1.3,None,dependabot,None,1,hexojs,d0cebf6b-a5f7-4232-9429-ee38aa924bda,1,1,0,39470,2021-12-20T23:14:30Z
2,2023-07-31T08:35:01Z,2023-07-31T06:49:44Z,2023-07-31T08:28:46Z,4137,1,MERGED,MDEwOlJlcG9zaXRvcnk2MjM2NzU1OA==,hyper,TypeScript,Bump eslint from 8.45.0 to 8.46.0,2023-07-31T08:34:59Z,dependabot,2023-07-31T08:28:46Z,1,vercel,f43e1509-f2d2-4eaa-8cb7-acdff4516ff5,42,37,0,43341,2023-07-31T06:49:44Z
29,2024-01-05T21:40:45Z,2024-01-04T22:21:32Z,2024-01-05T21:40:43Z,4491,0,CLOSED,MDEwOlJlcG9zaXRvcnkxMjg2MjQ0NTM=,taro,TypeScript,chore(deps-dev): bump rollup from 2.75.6 to 4.9.2,None,dependabot,None,1,NervJS,a26670f9-af34-492e-b8aa-8a223b6abb80,3508,2315,0,35567,2024-01-04T22:21:32Z
2,2023-10-09T11:44:30Z,2023-10-09T08:28:27Z,2023-10-09T11:44:29Z,8379,1,MERGED,R_kgDOHy0BzQ,ruff,Rust,Bump syn from 2.0.37 to 2.0.38,None,dependabot,2023-10-09T11:44:29Z,1,astral-sh,1793a3fa-2456-4af9-a1d3-dbd9a6304532,19,19,0,32497,2023-10-09T08:28:27Z
1,2024-07-31T13:32:00Z,2024-07-29T07:19:12Z,2024-07-31T13:31:58Z,835,0,CLOSED,R_kgDOK_txHA,maybe,Ruby,Bump rails from `1b89033` to `3d2df8b`,2024-07-31T13:31:54Z,dependabot,None,1,maybe-finance,28639a83-b2d6-4ff4-a2ad-0e3a6f0d42d7,7,7,0,33271,2024-07-29T07:19:12Z
1,2020-07-17T14:48:40Z,2020-07-17T00:46:13Z,2020-07-17T14:48:32Z,4252,1,MERGED,MDEwOlJlcG9zaXRvcnkxODAxOTA4NTQ=,appwrite,TypeScript,Bump lodash from 4.17.15 to 4.17.19,None,dependabot,2020-07-17T14:48:32Z,1,appwrite,edc29075-9c55-4969-a38e-e8893484b26a,3,3,0,45179,2020-07-17T00:46:13Z
2,2023-11-26T13:08:06Z,2023-11-20T23:58:07Z,2023-11-26T13:08:05Z,838,1,MERGED,MDEwOlJlcG9zaXRvcnkxMTk4MTEwMTA=,tabler,HTML,Bump next-auth from 4.22.3 to 4.24.5 in /site,None,dependabot,2023-11-26T13:08:05Z,1,tabler,5863c2c6-00ba-485e-b597-4bfec20ee29b,6,6,0,38038,2023-11-20T23:58:07Z
1,2020-08-24T04:36:16Z,2020-07-16T07:25:52Z,2020-08-24T04:36:14Z,455,0,CLOSED,MDEwOlJlcG9zaXRvcnkxMzA4ODQ0NzA=,solid,TypeScript,Bump lodash from 4.17.15 to 4.17.19,2020-08-24T04:36:14Z,dependabot,None,1,solidjs,ab6b1ae6-2651-48e0-92ee-01018d05c530,13752,13752,0,32404,2020-07-16T07:25:52Z
2,2023-10-03T14:58:50Z,2023-08-29T04:29:33Z,None,3976,0,OPEN,MDEwOlJlcG9zaXRvcnk3NzIxMzEyMA==,tabby,TypeScript,build(deps): bump serialport from 11.0.1 to 12.0.0 in /app,2023-10-03T14:58:50Z,dependabot,None,1,Eugeny,e912bd06-74aa-4941-a68a-d1d344059a8c,71,71,0,59172,2023-08-29T04:29:33Z
2,2022-04-04T07:00:44Z,2022-04-04T00:13:32Z,2022-04-04T07:00:42Z,8333,2,MERGED,MDEwOlJlcG9zaXRvcnk4MDk0NTQyOA==,nest,TypeScript,chore(deps-dev): bump prettier from 2.6.1 to 2.6.2,None,dependabot,2022-04-04T07:00:42Z,1,nestjs,4ebe2f59-0e72-4022-a9a1-9521b9b81ea3,4,4,0,67599,2022-04-04T00:13:32Z
99,2021-05-11T08:29:36Z,2021-05-10T16:04:52Z,2021-05-11T08:29:36Z,7052,2,MERGED,MDEwOlJlcG9zaXRvcnkzNjc4NzMx,webpack,JavaScript,chore(deps-dev): bump prettier from 2.2.1 to 2.3.0,None,dependabot,2021-05-11T08:29:36Z,3,webpack,5957529d-0d78-4fff-9461-5176efb2b1de,809,756,0,64671,2021-05-10T16:04:52Z
2,2023-10-17T00:11:01Z,2023-10-10T00:20:30Z,2023-10-17T00:10:58Z,8333,1,CLOSED,MDEwOlJlcG9zaXRvcnk4MDk0NTQyOA==,nest,TypeScript,chore(deps-dev): bump @typescript-eslint/eslint-plugin from 6.7.4 to 6.7.5,None,dependabot,None,1,nestjs,472b5141-9bc5-4ffe-8fb1-8e901233d285,20,306,0,67599,2023-10-10T00:20:30Z
2,2023-01-29T02:03:24Z,2022-01-26T08:03:58Z,2022-01-27T08:04:07Z,5392,0,CLOSED,MDEwOlJlcG9zaXRvcnkxMTE4MDY4Nw==,hugo,Go,build(deps): bump github.com/aws/aws-sdk-go from 1.41.14 to 1.42.41,None,dependabot,None,1,gohugoio,521ac42f-a321-4e7f-9d0c-00b86f615c1f,6,6,0,75666,2022-01-26T08:03:58Z
3,2024-10-25T22:45:45Z,2024-10-24T18:38:08Z,2024-10-25T22:45:44Z,4552,1,MERGED,R_kgDOJKSTjA,AutoGPT,Python,build(deps): bump azure/setup-helm from 1 to 4,2024-10-25T22:44:51Z,dependabot,2024-10-25T22:45:44Z,1,Significant-Gravitas,916f1f37-cf3d-4402-ae23-bcced2b75f54,3,3,2,168029,2024-10-24T18:38:08Z
1,2019-08-27T13:36:57Z,2019-08-27T13:34:18Z,2019-08-27T13:36:46Z,1685,1,CLOSED,MDEwOlJlcG9zaXRvcnkyNDg0MTYzNQ==,date-fns,TypeScript,Bump sshpk from 1.10.1 to 1.16.1 in /examples/webpack-1.x,None,dependabot,None,1,date-fns,16ed7256-9ce5-40ae-9ba5-88bd256945cd,29,29,0,34806,2019-08-27T13:34:18Z
1,2021-07-01T15:50:44Z,2021-07-01T11:02:13Z,2021-07-01T15:50:43Z,1897,1,MERGED,MDEwOlJlcG9zaXRvcnkxNzI5NTM4NDU=,code-server,TypeScript,chore(deps-dev): bump typescript from 4.3.4 to 4.3.5,None,dependabot,2021-07-01T15:50:43Z,1,coder,cc3286ea-d2d0-4cbf-89e2-22ed50a56a8d,3,3,1,68376,2021-07-01T11:02:13Z
1,2021-08-10T16:29:30Z,2021-07-26T02:03:55Z,2021-08-10T16:29:29Z,7052,2,MERGED,MDEwOlJlcG9zaXRvcnkzNjc4NzMx,webpack,JavaScript,chore(deps-dev): bump date-fns from 2.22.1 to 2.23.0,None,dependabot,2021-08-10T16:29:29Z,1,webpack,09512230-e647-41a1-9695-0470618442a2,3,3,0,64671,2021-07-26T02:03:55Z
1,2022-10-10T06:18:26Z,2021-09-02T18:17:22Z,2021-09-02T18:21:54Z,4196,0,MERGED,MDEwOlJlcG9zaXRvcnkyODA1NTcwNTQ=,trpc,TypeScript,Bump @prisma/client from 2.30.2 to 2.30.3,None,dependabot,2021-09-02T18:21:54Z,2,trpc,c4b9970f-f416-45b0-820b-d6903173c2de,3,3,1,34912,2021-09-02T18:17:22Z
2,2024-07-16T01:43:31Z,2024-07-15T15:47:36Z,2024-07-16T01:43:29Z,1707,1,MERGED,R_kgDOGgFgVA,memos,Go,chore: bump tailwindcss from 3.4.4 to 3.4.5 in /web,None,dependabot,2024-07-16T01:43:29Z,1,usememos,6f58c2e9-ffd1-4317-a0ca-9f726cb51f53,6,6,0,33695,2024-07-15T15:47:36Z
1,2022-01-24T03:18:18Z,2022-01-20T08:30:03Z,2022-01-24T03:18:13Z,8198,2,MERGED,MDEwOlJlcG9zaXRvcnkyNjc4MzI5NQ==,kong,Lua,chore(deps): bump actions/labeler from 2 to 3.0.2,None,dependabot,2022-01-24T03:18:13Z,1,Kong,96bf8cb2-f5c6-41a7-98ef-7891adbc4042,1,1,1,39224,2022-01-20T08:30:03Z
2,2022-01-18T16:56:45Z,2022-01-17T03:27:19Z,2022-01-18T16:56:45Z,2661,1,MERGED,MDEwOlJlcG9zaXRvcnkxNTQyODQ4MA==,AdminLTE,Astro,chore(deps-dev): bump eslint from 8.4.0 to 8.7.0,2022-01-18T16:41:32Z,dependabot,2022-01-18T16:56:45Z,1,ColorlibHQ,8e9d9739-72c0-4898-80ed-2228e2757637,56,29,0,44041,2022-01-17T03:27:19Z
1,2022-10-12T00:10:57Z,2021-06-10T15:02:39Z,2021-06-10T15:22:07Z,4196,0,MERGED,MDEwOlJlcG9zaXRvcnkyODA1NTcwNTQ=,trpc,TypeScript,Bump prisma from 2.24.0 to 2.24.1,2021-06-10T15:06:54Z,dependabot,2021-06-10T15:22:07Z,2,trpc,ddf329d5-4a45-41b8-8cc6-17e0c009aae3,8,8,1,34912,2021-06-10T15:02:39Z
2,2021-11-18T15:25:49Z,2021-11-18T13:37:46Z,2021-11-18T15:25:47Z,8942,1,MERGED,MDEwOlJlcG9zaXRvcnk2ODM4OTIx,prometheus,Go,build(deps-dev): bump @types/jest from 27.0.1 to 27.0.2 in /web/ui,2021-11-18T14:50:28Z,dependabot,2021-11-18T15:25:47Z,2,prometheus,91f11a86-66f7-4dbf-ac18-dad04f1cb21d,404,234,0,55548,2021-11-18T13:37:46Z
2,2024-10-21T05:21:12Z,2024-10-18T15:24:01Z,2024-10-21T05:21:09Z,3115,1,CLOSED,R_kgDOLfkiww,OpenHands,Python,chore(deps-dev): bump the version-all group in /frontend with 2 updates,None,dependabot,None,1,All-Hands-AI,a9e5a51f-b724-4fbb-8753-36030f1e6435,17,16,0,34070,2024-10-18T15:24:01Z
2,2022-10-31T12:26:13Z,2022-10-31T11:03:03Z,2022-10-31T12:26:12Z,4137,1,MERGED,MDEwOlJlcG9zaXRvcnk2MjM2NzU1OA==,hyper,TypeScript,Bump @types/node from 16.11.66 to 16.18.3,None,dependabot,2022-10-31T12:26:12Z,1,vercel,d3a9becd-7d30-41ef-9df2-1bb624670c69,5,5,0,43341,2022-10-31T11:03:03Z
1,2023-11-27T21:53:40Z,2023-01-07T04:25:08Z,None,408,0,OPEN,MDEwOlJlcG9zaXRvcnkxNDc0NzU5OA==,json-server,JavaScript,Bump json5 from 2.2.0 to 2.2.3,None,dependabot,None,1,typicode,ac282822-b3f4-44cf-95f1-172754a34476,13,7,0,72911,2023-01-07T04:25:08Z
1,2021-03-30T15:37:41Z,2020-12-21T23:58:02Z,2021-03-30T15:37:41Z,1323,1,MERGED,MDEwOlJlcG9zaXRvcnk2NTc5NDI5Mg==,styled-components,TypeScript,Bump node-notifier from 5.2.1 to 8.0.1,2021-03-10T18:35:08Z,dependabot,2021-03-30T15:37:41Z,1,styled-components,3a519d61-3c37-42ca-8f53-5f5ad2ce4666,9,23,0,40488,2020-12-21T23:58:02Z
4,2024-07-12T08:17:41Z,2024-07-04T12:56:46Z,2024-07-12T08:17:40Z,4491,0,CLOSED,MDEwOlJlcG9zaXRvcnkxMjg2MjQ0NTM=,taro,TypeScript,chore(deps-dev): bump expo from 47.0.14 to 51.0.18,2024-07-12T08:17:32Z,dependabot,None,1,NervJS,e146e6f3-7fbd-4b92-bfeb-58d0291e6a85,34353,29439,0,35567,2024-07-04T12:56:46Z
2,2023-01-23T03:43:07Z,2023-01-23T02:45:21Z,2023-01-23T03:42:25Z,1157,0,MERGED,MDEwOlJlcG9zaXRvcnkxNjM4ODMyNzk=,act,Go,build(deps): bump golang.org/x/term from 0.3.0 to 0.4.0,2023-01-23T03:43:04Z,dependabot,2023-01-23T03:42:25Z,2,nektos,e1181fbd-c208-4974-bcf9-9f09e630fc82,3,3,0,55058,2023-01-23T02:45:21Z
1,2020-12-17T22:08:46Z,2020-10-12T22:56:16Z,2020-12-17T22:08:32Z,2510,1,CLOSED,MDEwOlJlcG9zaXRvcnkyMDMwMDE3Nw==,guava,Java,Bump junit from 4.13 to 4.13.1 in /android,None,dependabot,None,1,google,d8b22f58-4d5b-4cd8-89f1-7b7e7b6c0956,1,1,0,50184,2020-10-12T22:56:16Z
2,2023-06-09T10:13:11Z,2023-06-09T10:00:26Z,2023-06-09T10:13:09Z,4355,1,MERGED,MDEwOlJlcG9zaXRvcnkxNTA0NTc1MQ==,compose,Go,build(deps): bump github.com/Microsoft/go-winio from 0.5.2 to 0.6.1,None,dependabot,2023-06-09T10:13:09Z,1,docker,f0638af5-d643-4b4f-b782-10665859495c,4,12,1,33955,2023-06-09T10:00:26Z
1,2023-01-30T10:12:29Z,2023-01-30T08:25:43Z,2023-01-30T10:01:37Z,7537,1,MERGED,MDEwOlJlcG9zaXRvcnk0NzEwOTIw,dubbo,Java,Bump tomcat-embed-core from 8.5.78 to 8.5.85,2023-01-30T09:31:28Z,dependabot,2023-01-30T10:01:36Z,1,apache,9cf584ce-d017-4ef9-9bed-5f0c62dad802,1,1,0,40493,2023-01-30T08:25:43Z
2,2022-06-28T17:54:06Z,2022-05-16T03:18:08Z,2022-06-28T17:54:05Z,2661,1,MERGED,MDEwOlJlcG9zaXRvcnkxNTQyODQ4MA==,AdminLTE,Astro,chore(deps): bump datatables.net-keytable-bs4 from 2.6.4 to 2.7.0,None,dependabot,2022-06-28T17:54:05Z,1,ColorlibHQ,530cf2bd-2ec1-4113-a85d-243377479fcc,12,12,0,44041,2022-05-16T03:18:08Z
2,2021-03-08T09:08:55Z,2021-03-08T05:35:10Z,2021-03-08T09:08:54Z,8333,1,CLOSED,MDEwOlJlcG9zaXRvcnk4MDk0NTQyOA==,nest,TypeScript,chore(deps-dev): bump @types/node from 14.14.31 to 14.14.32,2021-03-08T09:08:53Z,dependabot,None,1,nestjs,4cdb4cb3-a28b-4448-876e-0cd00e2205d7,4,4,0,67599,2021-03-08T05:35:10Z
2,2023-05-05T03:57:43Z,2023-03-22T03:57:05Z,2023-05-05T03:57:41Z,623,0,CLOSED,MDEwOlJlcG9zaXRvcnk0MTkxMjc5MQ==,v2ray-core,Go,Bump google.golang.org/grpc from 1.32.0 to 1.54.0,None,dependabot,None,1,v2ray,4bc88bc0-dd19-4a0b-a6c0-47f295a00d49,26,1002,0,45422,2023-03-22T03:57:05Z
2,2023-05-15T03:43:08Z,2023-05-15T02:58:23Z,2023-05-15T03:43:06Z,1157,0,MERGED,MDEwOlJlcG9zaXRvcnkxNjM4ODMyNzk=,act,Go,build(deps): bump github.com/opencontainers/image-spec from 1.1.0-rc2.0.20221005185240-3a7f492d3f1b to 1.1.0-rc.3,None,dependabot,2023-05-15T03:43:06Z,2,nektos,8511bd68-5d85-4334-a9e8-370f7385a5e1,10,10,0,55058,2023-05-15T02:58:23Z
2,2021-11-15T11:06:27Z,2021-09-22T02:03:31Z,2021-11-15T11:06:26Z,7052,2,MERGED,MDEwOlJlcG9zaXRvcnkzNjc4NzMx,webpack,JavaScript,chore(deps-dev): bump terser from 5.7.2 to 5.9.0,2021-11-15T08:14:49Z,dependabot,2021-11-15T11:06:26Z,2,webpack,c0f32d0e-ea8c-4714-859c-66ac8aebd4c4,13,13,0,64671,2021-09-22T02:03:31Z
2,2020-09-01T22:49:09Z,2020-08-17T11:16:04Z,2020-09-01T22:48:57Z,4137,1,MERGED,MDEwOlJlcG9zaXRvcnk2MjM2NzU1OA==,hyper,TypeScript,Bump lodash from 4.17.19 to 4.17.20 in /app,None,dependabot,2020-09-01T22:48:57Z,1,vercel,0ab512e7-f9cc-43e3-9114-f16354afe2bc,5,5,0,43341,2020-08-17T11:16:04Z
1,2021-09-27T20:55:04Z,2021-05-18T18:29:44Z,2021-09-27T20:55:03Z,1066,0,CLOSED,MDEwOlJlcG9zaXRvcnkzNzM4Mjg1OA==,engineering-blogs,Ruby,Bump nokogiri from 1.10.8 to 1.11.4,None,dependabot,None,1,kilimchoi,dffcf439-7d18-4d34-9099-9a19d2f42f4a,3,5,0,31662,2021-05-18T18:29:44Z
16,2022-05-25T17:06:19Z,2022-05-16T12:01:44Z,2022-05-25T17:06:18Z,5310,3,MERGED,MDEwOlJlcG9zaXRvcnkxNjEwMTIwMTk=,jellyfin,C#,Bump Microsoft.NET.Test.Sdk from 17.1.0 to 17.2.0,2022-05-24T14:03:02Z,dependabot,2022-05-25T17:06:18Z,1,jellyfin,fa648a57-76c4-4f41-8842-68df6e5e232f,16,16,3,34790,2022-05-16T12:01:44Z
1,2023-06-22T21:56:20Z,2023-06-22T21:55:06Z,2023-06-22T21:56:11Z,387,1,MERGED,R_kgDOJxbR3A,generative-ai-for-beginners,Jupyter Notebook,Bump minimist from 1.2.5 to 1.2.8 in /quiz-app,None,dependabot,2023-06-22T21:56:11Z,1,microsoft,8ee43b30-c93e-4018-ae99-6d97bfdd7674,7,10,0,64707,2023-06-22T21:55:06Z
1,2021-08-14T20:47:11Z,2021-08-10T20:49:51Z,2021-08-14T20:47:10Z,710,1,MERGED,MDEwOlJlcG9zaXRvcnkzNDAyNTM3,Front-end-Developer-Interview-Questions,Nunjucks,Bump path-parse from 1.0.6 to 1.0.7,None,dependabot,2021-08-14T20:47:10Z,1,h5bp,549434de-7605-4f03-8e37-45b7bf9396e0,3,3,0,59670,2021-08-10T20:49:51Z
1,2021-07-06T10:03:39Z,2021-07-06T09:55:08Z,2021-07-06T10:03:39Z,908,1,MERGED,MDEwOlJlcG9zaXRvcnkyNTYxNTgy,animate.css,CSS,Bump color-string from 1.5.3 to 1.5.5,None,dependabot,2021-07-06T10:03:39Z,1,animate-css,d662a577-a21a-42f8-aba9-79f3bcb1014f,3,3,1,80806,2021-07-06T09:55:08Z
2,2024-07-29T15:21:48Z,2024-07-29T15:15:36Z,2024-07-29T15:21:46Z,1864,1,MERGED,MDEwOlJlcG9zaXRvcnkyMDk2NTc5,marked,JavaScript,chore(deps-dev): Bump @semantic-release/github from 10.1.1 to 10.1.3,None,dependabot,2024-07-29T15:21:46Z,1,markedjs,cedb3df1-a181-41c7-b9b8-c95485e5c02e,5,5,0,33132,2024-07-29T15:15:36Z
2,2024-07-25T16:03:55Z,2024-07-25T14:55:54Z,2024-07-25T16:03:54Z,3115,1,MERGED,R_kgDOLfkiww,OpenHands,Python,chore(deps-dev): bump postcss from 8.4.39 to 8.4.40 in /frontend,None,dependabot,2024-07-25T16:03:54Z,1,All-Hands-AI,0befa05c-97e4-42cc-b1b8-0a93c86b4b38,5,5,1,34070,2024-07-25T14:55:54Z
1,2023-03-22T23:00:05Z,2022-02-26T01:23:05Z,2023-03-22T22:59:56Z,61,1,CLOSED,MDEwOlJlcG9zaXRvcnkyODA1Njc1Nzk=,EasySpider,JavaScript,Bump CefSharp.Common from 79.1.350 to 98.1.210 in /ServiceWrapperEntry/ServiceWrapperEntry,2023-02-03T15:43:59Z,dependabot,None,1,NaiboWang,4b501272-a245-4d98-9b24-4eddf316c33a,1,1,0,35785,2022-02-26T01:23:05Z
2,2021-09-18T00:01:46Z,2020-09-17T05:06:27Z,2020-09-17T11:53:25Z,9804,2,MERGED,MDEwOlJlcG9zaXRvcnk3NTEwNDEyMw==,prettier,JavaScript,Build(deps): Bump @angular/compiler from 10.1.1 to 10.1.2,None,dependabot,2020-09-17T11:53:25Z,1,prettier,546c65dd-5f4d-40b6-b48f-8e074f5363bd,5,5,2,49376,2020-09-17T05:06:27Z
2,2020-11-23T03:21:40Z,2020-10-26T03:10:53Z,2020-11-23T03:21:37Z,2661,0,CLOSED,MDEwOlJlcG9zaXRvcnkxNTQyODQ4MA==,AdminLTE,Astro,Bump terser from 5.3.2 to 5.3.8,None,dependabot,None,1,ColorlibHQ,ad926a4f-b8e0-48d5-8f95-15f2c8b2083a,6,14,0,44041,2020-10-26T03:10:53Z
3,2022-03-03T09:05:30Z,2022-03-02T04:18:25Z,2022-03-03T09:05:28Z,3976,1,MERGED,MDEwOlJlcG9zaXRvcnk3NzIxMzEyMA==,tabby,TypeScript,Bump actions/checkout from 2.3.4 to 3,None,dependabot,2022-03-03T09:05:28Z,1,Eugeny,1b270229-caf9-41fe-8965-cb96a99e3e60,6,6,0,59172,2022-03-02T04:18:25Z
2,2021-01-11T12:46:23Z,2021-01-11T11:05:14Z,2021-01-11T12:46:22Z,4137,1,MERGED,MDEwOlJlcG9zaXRvcnk2MjM2NzU1OA==,hyper,TypeScript,Bump @typescript-eslint/eslint-plugin from 4.11.1 to 4.12.0,2021-01-11T12:13:48Z,dependabot,2021-01-11T12:46:22Z,1,vercel,0a701e80-870a-4b7a-9003-6c44c55c5458,14,49,0,43341,2021-01-11T11:05:14Z
1,2022-06-09T17:03:43Z,2021-11-15T17:47:05Z,2022-06-09T17:03:25Z,232,1,MERGED,MDEwOlJlcG9zaXRvcnk4Mzg0NDcyMA==,face_recognition,Python,Bump pip from 19.2 to 21.1,None,dependabot,2022-06-09T17:03:25Z,1,ageitgey,5e9188c2-d340-47c5-858d-1381b62a4a01,1,1,0,53321,2021-11-15T17:47:05Z
2,2023-02-20T19:23:22Z,2023-02-20T02:10:36Z,2023-02-20T19:23:08Z,7751,1,MERGED,MDEwOlJlcG9zaXRvcnkxODYwMjQyOTg=,nushell,Rust,Bump actions-rust-lang/setup-rust-toolchain from 1.3.7 to 1.4.2,None,dependabot,2023-02-20T19:23:07Z,1,nushell,5613be4a-dc64-4019-94ae-3676ddb09afd,6,6,0,32391,2023-02-20T02:10:36Z
1,2022-06-23T07:14:04Z,2022-06-22T07:41:19Z,2022-06-23T07:14:02Z,6144,0,CLOSED,MDEwOlJlcG9zaXRvcnk5MDc5NjY2Mw==,puppeteer,TypeScript,chore(deps): bump github/codeql-action from 2.1.12 to 2.1.13,2022-06-23T07:13:55Z,dependabot,None,1,puppeteer,665fc159-cadf-44cd-8d0a-c28f90a7ef3c,1,1,0,88671,2022-06-22T07:41:19Z
1,2024-08-08T15:05:26Z,2024-08-08T14:17:47Z,2024-08-08T15:05:24Z,3115,1,MERGED,R_kgDOLfkiww,OpenHands,Python,chore(deps): bump litellm from 1.43.1 to 1.43.3,None,dependabot,2024-08-08T15:05:24Z,1,All-Hands-AI,cef86a22-dc40-47f1-8ac7-22c7cd7c0837,4,4,1,34070,2024-08-08T14:17:47Z
1,2022-02-07T16:02:41Z,2022-02-07T06:05:46Z,2022-02-07T15:31:59Z,1814,1,MERGED,MDEwOlJlcG9zaXRvcnkxMjUyNjYzMjg=,black,Python,Bump sphinx-copybutton from 0.4.0 to 0.5.0 in /docs,None,dependabot,2022-02-07T15:31:58Z,1,psf,92570f3a-c81f-4390-930c-2294e0d3507e,1,1,0,38894,2022-02-07T06:05:46Z
2,2022-03-27T01:16:11Z,2022-03-22T07:44:37Z,2022-03-27T01:16:10Z,4734,1,CLOSED,MDEwOlJlcG9zaXRvcnkyMzEyODM0NTI=,excalidraw,TypeScript,chore(deps): bump @sentry/integrations from 6.2.5 to 6.19.1,None,dependabot,None,1,excalidraw,5e0b6d2b-16da-489e-92d8-d1b25b72fc1f,12,31,0,83917,2022-03-22T07:44:37Z
2,2021-07-19T12:44:50Z,2021-07-19T11:06:07Z,2021-07-19T12:44:50Z,4137,1,MERGED,MDEwOlJlcG9zaXRvcnk2MjM2NzU1OA==,hyper,TypeScript,Bump @typescript-eslint/eslint-plugin from 4.28.2 to 4.28.3,None,dependabot,2021-07-19T12:44:50Z,1,vercel,ff02c566-4cf5-4eee-b0b9-bdd182690741,48,14,0,43341,2021-07-19T11:06:07Z
2,2021-10-04T04:03:12Z,2021-09-16T21:45:22Z,2021-10-04T04:03:11Z,3976,0,CLOSED,MDEwOlJlcG9zaXRvcnk3NzIxMzEyMA==,tabby,TypeScript,Bump axios from 0.21.1 to 0.21.2,None,dependabot,None,1,Eugeny,510d7c2a-3cfc-4422-b564-72d808f444a5,10,10,0,59172,2021-09-16T21:45:22Z
1,2024-04-29T23:38:09Z,2024-04-26T16:00:37Z,2024-04-29T23:38:01Z,2510,1,CLOSED,MDEwOlJlcG9zaXRvcnkyMDMwMDE3Nw==,guava,Java,Bump github/codeql-action from 3.25.2 to 3.25.3,2024-04-26T16:57:42Z,dependabot,None,1,google,1e66c37e-146d-4345-80a2-6c52ff154d19,1,1,0,50184,2024-04-26T16:00:37Z
1,2023-09-19T11:35:50Z,2023-09-15T18:58:12Z,2023-09-19T11:35:32Z,1959,1,MERGED,MDEwOlJlcG9zaXRvcnkyODgxNzg5,Python,Python,Bump pillow from 10.0.0 to 10.0.1,None,dependabot,2023-09-19T11:35:32Z,1,geekcomputers,4f9ac2b9-90a7-4262-8351-1fda87c53d4e,1,1,0,31471,2023-09-15T18:58:12Z
2,2022-08-08T04:29:39Z,2022-07-18T04:15:38Z,2022-08-08T04:29:37Z,3976,0,CLOSED,MDEwOlJlcG9zaXRvcnk3NzIxMzEyMA==,tabby,TypeScript,Bump @vaadin/vaadin-context-menu from 5.0.0 to 23.1.4 in /tabby-web,None,dependabot,None,1,Eugeny,6e5ac6f7-55d3-43d7-a4a6-9ec40683127a,86,139,0,59172,2022-07-18T04:15:38Z
2,2022-06-22T00:03:13Z,2021-06-20T01:13:09Z,2021-06-21T11:37:29Z,9804,2,MERGED,MDEwOlJlcG9zaXRvcnk3NTEwNDEyMw==,prettier,JavaScript,Build(deps): Bump typescript from 4.3.2 to 4.3.4,None,dependabot,2021-06-21T11:37:29Z,1,prettier,94da8696-698e-4e74-9208-bc355a247442,6,5,1,49376,2021-06-20T01:13:09Z
2,2023-02-14T08:18:38Z,2023-02-14T01:36:26Z,2023-02-14T08:18:34Z,8333,2,MERGED,MDEwOlJlcG9zaXRvcnk4MDk0NTQyOA==,nest,TypeScript,chore(deps-dev): bump @commitlint/config-angular from 17.4.2 to 17.4.3,None,dependabot,2023-02-14T08:18:33Z,1,nestjs,c1522670-c206-47a3-89f7-2c0b7715050b,4,4,0,67599,2023-02-14T01:36:26Z
2,2021-12-31T00:55:35Z,2021-12-19T01:08:22Z,2021-12-31T00:55:34Z,4734,1,CLOSED,MDEwOlJlcG9zaXRvcnkyMzEyODM0NTI=,excalidraw,TypeScript,chore(deps-dev): bump @babel/plugin-transform-async-to-generator from 7.16.0 to 7.16.5 in /src/packages/excalidraw,2021-12-31T00:55:24Z,dependabot,None,1,excalidraw,69270c8d-86a6-49d7-853a-4607d2192c69,30,58,0,83917,2021-12-19T01:08:22Z
2,2024-03-14T00:31:29Z,2024-03-13T23:17:29Z,2024-03-14T00:31:28Z,4686,1,MERGED,MDEwOlJlcG9zaXRvcnkyMTU0MDc1OQ==,awesome-go,Go,Bump google.golang.org/protobuf from 1.31.0 to 1.33.0,None,dependabot,2024-03-14T00:31:28Z,1,avelino,fa7ad40c-ade0-417f-91f6-cadff4c69447,3,3,0,131976,2024-03-13T23:17:29Z
2,2021-02-24T08:14:17Z,2021-02-23T05:21:32Z,2021-02-24T08:14:16Z,8333,1,CLOSED,MDEwOlJlcG9zaXRvcnk4MDk0NTQyOA==,nest,TypeScript,chore(deps-dev): bump @commitlint/config-angular from 11.0.0 to 12.0.0,2021-02-24T08:14:15Z,dependabot,None,1,nestjs,9a3437fe-4423-447b-985f-233b0a793303,8,8,0,67599,2021-02-23T05:21:32Z
1,2022-10-04T12:04:11Z,2022-08-11T11:01:17Z,2022-08-11T11:10:39Z,4196,1,MERGED,MDEwOlJlcG9zaXRvcnkyODA1NTcwNTQ=,trpc,TypeScript,build(deps): bump @changesets/cli from 2.22.0 to 2.24.2,None,dependabot,2022-08-11T11:10:39Z,2,trpc,ad70bd92-08b0-43aa-8842-970725833e29,104,267,2,34912,2022-08-11T11:01:17Z
2,2022-09-06T00:03:03Z,2021-09-05T01:07:30Z,2021-09-05T08:50:40Z,9804,1,MERGED,MDEwOlJlcG9zaXRvcnk3NTEwNDEyMw==,prettier,JavaScript,Build(deps-dev): Bump core-js from 3.16.3 to 3.17.2,None,dependabot,2021-09-05T08:50:40Z,1,prettier,77a4b4fa-0612-4aa3-8715-7ca970b0bbad,5,5,0,49376,2021-09-05T01:07:30Z
1,2024-09-16T13:44:01Z,2024-09-16T07:31:29Z,2024-09-16T13:43:59Z,835,1,MERGED,R_kgDOK_txHA,maybe,Ruby,Bump pagy from 9.0.8 to 9.0.9,None,dependabot,2024-09-16T13:43:59Z,1,maybe-finance,ef31c235-c255-4f91-acb9-ec12f074ac32,1,1,0,33271,2024-09-16T07:31:29Z
1,2023-12-19T01:59:48Z,2023-12-18T08:50:57Z,2023-12-19T01:59:39Z,7537,1,MERGED,MDEwOlJlcG9zaXRvcnk0NzEwOTIw,dubbo,Java,Bump netty4_version from 4.1.101.Final to 4.1.104.Final,None,dependabot,2023-12-19T01:59:39Z,1,apache,517350a1-f5ce-4e6c-a258-f2d8d04e55c7,1,1,0,40493,2023-12-18T08:50:57Z
1,2022-06-13T03:44:06Z,2022-06-13T00:01:45Z,2022-06-13T03:43:55Z,2483,1,CLOSED,MDEwOlJlcG9zaXRvcnkyMDM1ODc3NDQ=,hoppscotch,TypeScript,chore(deps): bump insomnia-importers from 2.8.0 to 3.1.0,None,dependabot,None,1,hoppscotch,66ca91b2-f6ae-4861-948f-860858ff78a2,1,1,0,65235,2022-06-13T00:01:45Z
2,2022-10-11T04:16:57Z,2022-10-04T04:14:04Z,2022-10-11T04:16:56Z,3976,0,CLOSED,MDEwOlJlcG9zaXRvcnk3NzIxMzEyMA==,tabby,TypeScript,Bump @vaadin/vaadin-context-menu from 5.0.0 to 23.2.3 in /tabby-web,None,dependabot,None,1,Eugeny,702c40a7-6a9c-4f62-9990-641177a3466d,86,139,0,59172,2022-10-04T04:14:04Z
6,2021-07-01T00:01:23Z,2020-06-29T05:06:29Z,2020-06-30T10:36:35Z,9804,4,MERGED,MDEwOlJlcG9zaXRvcnk3NTEwNDEyMw==,prettier,JavaScript,Build(deps): Bump flow-parser from 0.127.0 to 0.128.0,None,dependabot,2020-06-30T10:36:35Z,2,prettier,80d3065c-d032-42f1-b133-f262a3e5c42a,8,14,3,49376,2020-06-29T05:06:29Z
2,2023-07-13T07:07:15Z,2023-07-13T00:17:32Z,2023-07-13T07:07:03Z,8333,2,CLOSED,MDEwOlJlcG9zaXRvcnk4MDk0NTQyOA==,nest,TypeScript,chore(deps-dev): bump lerna from 2.11.0 to 7.1.3,None,dependabot,None,1,nestjs,8f99f476-9484-4904-a3ce-a1c130153756,14202,19201,0,67599,2023-07-13T00:17:32Z
2,2024-10-31T07:46:25Z,2024-09-24T04:28:57Z,2024-10-31T07:46:24Z,2661,1,MERGED,MDEwOlJlcG9zaXRvcnkxNTQyODQ4MA==,AdminLTE,Astro,chore(deps-dev): bump rollup from 4.21.2 to 4.22.4,2024-10-31T07:43:18Z,dependabot,2024-10-31T07:46:23Z,1,ColorlibHQ,fc873c75-70d3-41e0-8f59-669bef4a80b9,69,69,0,44041,2024-09-24T04:28:57Z
1,2022-06-03T22:28:22Z,2022-05-30T12:01:40Z,2022-06-03T22:28:21Z,5310,3,MERGED,MDEwOlJlcG9zaXRvcnkxNjEwMTIwMTk=,jellyfin,C#,Bump PlaylistsNET from 1.1.3 to 1.2.1,None,dependabot,2022-06-03T22:28:21Z,1,jellyfin,d995fdba-e407-426a-976b-c1510027f73b,1,1,3,34790,2022-05-30T12:01:40Z
1,2024-10-23T17:30:33Z,2024-10-22T18:17:38Z,2024-10-23T17:30:22Z,174,1,CLOSED,MDEwOlJlcG9zaXRvcnk2NzUwODQyOA==,drawio,JavaScript,Bump mermaid from 10.0.2 to 10.9.3 in /etc/dependencies,None,dependabot,None,1,jgraph,5dbc6a88-b179-40e7-8904-e575c198fb4e,1,1,0,41245,2024-10-22T18:17:38Z
1,2020-08-05T04:02:05Z,2020-08-05T03:03:27Z,2020-08-05T04:02:01Z,1747,1,MERGED,MDEwOlJlcG9zaXRvcnk0ODY1NTA=,html5-boilerplate,JavaScript,Bump @babel/core from 7.11.0 to 7.11.1,None,dependabot,2020-08-05T04:02:01Z,1,h5bp,b2eb2911-105f-4ca6-b98d-16cd2e61408f,10,10,0,56549,2020-08-05T03:03:27Z
1,2022-10-13T00:09:17Z,2021-04-19T09:15:13Z,2021-04-19T09:18:52Z,4196,0,MERGED,MDEwOlJlcG9zaXRvcnkyODA1NTcwNTQ=,trpc,TypeScript,Bump @testing-library/user-event from 13.1.3 to 13.1.4,None,dependabot,2021-04-19T09:18:52Z,1,trpc,eced8727-1eda-4558-92ac-dcc9827512c8,3,3,1,34912,2021-04-19T09:15:13Z
1,2023-06-26T22:57:28Z,2023-05-22T22:56:57Z,2023-06-26T22:56:53Z,2107,0,CLOSED,MDEwOlJlcG9zaXRvcnkyMjc5MDQ4OA==,java-design-patterns,Java,build(deps): bump spring-boot-dependencies from 2.7.5 to 3.1.0,None,dependabot,None,1,iluwatar,99bdb120-72d2-4794-a8fd-2cde95e65df5,1,1,0,89875,2023-05-22T22:56:57Z
1,2023-07-25T14:23:12Z,2023-07-24T19:47:55Z,2023-07-25T14:22:36Z,6487,1,CLOSED,MDEwOlJlcG9zaXRvcnk2Mjk2Nzkw,spring-boot,Java,Upgrade to gradle/gradle-build-action 2.7.0,None,dependabot,None,1,spring-projects,e5f6409b-a7e6-485b-b8d6-0027b35eb5a2,1,1,0,75099,2023-07-24T19:47:55Z
2,2022-03-08T17:26:42Z,2022-03-07T11:07:14Z,2022-03-08T17:21:11Z,4137,1,MERGED,MDEwOlJlcG9zaXRvcnk2MjM2NzU1OA==,hyper,TypeScript,Bump webpack from 5.69.1 to 5.70.0,2022-03-08T17:26:42Z,dependabot,2022-03-08T17:21:11Z,1,vercel,f11f8b9b-2901-4d51-9936-9e7785a7ead6,10,10,0,43341,2022-03-07T11:07:14Z
2,2022-12-04T02:02:26Z,2021-12-03T16:13:26Z,2021-12-03T17:16:51Z,5392,1,MERGED,MDEwOlJlcG9zaXRvcnkxMTE4MDY4Nw==,hugo,Go,build(deps): bump github.com/mitchellh/mapstructure from 1.4.2 to 1.4.3,None,dependabot,2021-12-03T17:16:51Z,1,gohugoio,66810286-7598-4ce5-a5f3-8ca28a0f92e3,15,52,0,75666,2021-12-03T16:13:26Z
2,2023-05-17T08:59:57Z,2023-04-17T17:09:41Z,2023-05-17T08:59:54Z,861,0,CLOSED,MDEwOlJlcG9zaXRvcnk1MjYzMTg0MQ==,realworld,TypeScript,chore(deps-dev): bump typescript from 4.9.5 to 5.0.4,2023-05-17T08:59:53Z,dependabot,None,1,gothinkster,a9b53a6d-4840-46a4-b4d2-1089b943c3f6,6,6,0,80560,2023-04-17T17:09:41Z
1,2022-05-11T09:00:54Z,2022-05-11T08:54:44Z,2022-05-11T08:59:52Z,2903,1,MERGED,MDEwOlJlcG9zaXRvcnkzNjU3Mzk4MTI=,tldraw,TypeScript,Bump plist from 3.0.4 to 3.0.5,None,dependabot,2022-05-11T08:59:52Z,1,tldraw,0b2ba5b3-7b38-41f2-95ee-aa8036f14835,3,3,0,35720,2022-05-11T08:54:44Z
4,2024-08-12T09:09:28Z,2024-08-11T20:13:26Z,2024-08-12T09:09:27Z,2052,5,MERGED,MDEwOlJlcG9zaXRvcnk0MDI4NjAxNzU=,fuels-ts,TypeScript,build(deps): bump type-fest from 4.19.0 to 4.24.0,None,dependabot,2024-08-12T09:09:27Z,5,FuelLabs,e8cfb52a-6687-4b2d-91db-c0403d4312a7,9,16,6,44054,2024-08-11T20:13:26Z
1,2023-07-26T10:26:13Z,2023-07-09T23:24:16Z,2023-07-26T10:26:11Z,4734,0,CLOSED,MDEwOlJlcG9zaXRvcnkyMzEyODM0NTI=,excalidraw,TypeScript,build(deps): bump tough-cookie from 4.1.2 to 4.1.3,2023-07-26T10:26:10Z,dependabot,None,1,excalidraw,a5857660-58fb-42db-b13b-3160bad9be19,3,3,0,83917,2023-07-09T23:24:16Z
2,2023-11-01T17:37:02Z,2023-11-01T17:19:55Z,2023-11-01T17:36:59Z,717,1,MERGED,MDEwOlJlcG9zaXRvcnk5MDc5MzQxOA==,fd,Rust,build(deps): bump regex-syntax from 0.7.5 to 0.8.2,None,dependabot,2023-11-01T17:36:59Z,1,sharkdp,539cf1cf-7e28-4ef0-9cbf-3c20261060d7,10,4,0,34007,2023-11-01T17:19:55Z
2,2022-09-13T18:12:16Z,2022-09-12T07:03:18Z,2022-09-13T18:12:12Z,2684,1,MERGED,MDEwOlJlcG9zaXRvcnkyNjA2NjcyNw==,mermaid,TypeScript,chore(deps-dev): bump eslint from 8.23.0 to 8.23.1,None,dependabot,2022-09-13T18:12:12Z,1,mermaid-js,70486e8d-ff0c-462c-a5ca-11eaeec266d2,11,16,0,71938,2022-09-12T07:03:18Z
1,2024-04-04T18:49:25Z,2024-04-04T17:20:46Z,2024-04-04T18:49:21Z,2364,1,MERGED,MDEwOlJlcG9zaXRvcnkyNzgzMzUyNzM=,github-readme-stats,JavaScript,build(deps-dev): bump undici from 5.28.3 to 5.28.4,None,dependabot,2024-04-04T18:49:21Z,1,anuraghazra,8c0faa4a-da49-4756-8606-693fcef1e981,6,6,1,69361,2024-04-04T17:20:46Z
3,2023-07-21T01:54:33Z,2023-03-16T03:56:44Z,2023-07-21T01:54:12Z,623,0,CLOSED,MDEwOlJlcG9zaXRvcnk0MTkxMjc5MQ==,v2ray-core,Go,Bump actions/setup-go from 2 to 4,None,dependabot,None,1,v2ray,7075217c-704f-4b63-a7c7-59dc3fe2aaa4,3,3,0,45422,2023-03-16T03:56:44Z
2,2024-08-14T00:19:23Z,2023-08-14T10:11:11Z,2023-08-14T14:39:35Z,2316,1,MERGED,MDEwOlJlcG9zaXRvcnkxNjc1MjYyMA==,gogs,Go,mod: bump github.com/gogs/git-module from 1.8.2 to 1.8.3,None,dependabot,2023-08-14T14:39:35Z,1,gogs,203418a7-1762-4a8b-b408-d81f7d513a48,6,5,1,45045,2023-08-14T10:11:11Z
1,2024-06-26T07:23:00Z,2024-06-26T07:22:15Z,2024-06-26T07:22:53Z,387,1,MERGED,R_kgDOJxbR3A,generative-ai-for-beginners,Jupyter Notebook,Bump braces from 3.0.2 to 3.0.3 in /06-text-generation-apps/typescript/recipe-app,None,dependabot,2024-06-26T07:22:52Z,1,microsoft,6708c27e-a29c-48a1-83e8-504f05500284,348,17,0,64707,2024-06-26T07:22:15Z
1,2024-03-19T01:39:09Z,2024-03-18T08:00:51Z,2024-03-19T01:39:02Z,7537,2,MERGED,MDEwOlJlcG9zaXRvcnk0NzEwOTIw,dubbo,Java,Bump org.aspectj:aspectjweaver from 1.9.21.1 to 1.9.21.2,None,dependabot,2024-03-19T01:39:02Z,1,apache,16001af9-0592-4fab-a605-c1967db74caa,1,1,0,40493,2024-03-18T08:00:51Z